#include "cards.h"

// GLOBAL: MAGIC 0x561960
// GLOBAL: SHANDALAR 0x594208
card_data_t global_cards_data[722] =
{
  { 0x0C, "Swamp", {0}, 0x00EF, 0x0000, 0x01, 0x0D, 0x02, { 0x00, 0x00, 0x00 }, 0, 0, 0x00, 0x00, card_swamp, 0x00000000, 0x00001000, 0xFF, 0x01, 0x01, 0x00, {0} },
  { 0x0E, "Island", {0}, 0x007E, 0x0000, 0x01, 0x0D, 0x04, { 0x00, 0x00, 0x00 }, 0, 0, 0x00, 0x00, card_island, 0x00000000, 0x00001000, 0xFF, 0x01, 0x01, 0x00, {0} },
  { 0x0D, "Forest", {0}, 0x005B, 0x0000, 0x01, 0x0D, 0x08, { 0x00, 0x00, 0x00 }, 0, 0, 0x00, 0x00, card_forest, 0x00000000, 0x00001000, 0xFF, 0x01, 0x01, 0x00, {0} },
  { 0x07, "Mountain", {0}, 0x00A4, 0x0000, 0x01, 0x0D, 0x10, { 0x00, 0x00, 0x00 }, 0, 0, 0x00, 0x00, card_mountain, 0x00000000, 0x00001000, 0xFF, 0x01, 0x01, 0x00, {0} },
  { 0x08, "Plains", {0}, 0x00BC, 0x0000, 0x01, 0x0D, 0x20, { 0x00, 0x00, 0x00 }, 0, 0, 0x00, 0x00, card_plains, 0x00000000, 0x00001000, 0xFF, 0x01, 0x01, 0x00, {0} },
  { 0x08, "Badlands", {0}, 0x0009, 0x0000, 0x01, 0x0C, 0x12, { 0x00, 0x00, 0x00 }, 0, 0, 0x00, 0x00, card_badlands, 0x00000000, 0x00001000, 0xFF, 0x01, 0x02, 0x00, {0x02, 0x00, 0x00, 0x00} },
  { 0x0C, "Bayou", {0}, 0x000C, 0x0000, 0x01, 0x0C, 0x0A, { 0x00, 0x00, 0x00 }, 0, 0, 0x00, 0x00, card_bayou, 0x00000000, 0x00001000, 0xFF, 0x01, 0x02, 0x00, {0x02, 0x00, 0x00, 0x00} },
  { 0x08, "Plateau", {0}, 0x00BD, 0x0000, 0x01, 0x0C, 0x30, { 0x00, 0x00, 0x00 }, 0, 0, 0x00, 0x00, card_plateau, 0x00000000, 0x00001000, 0xFF, 0x01, 0x02, 0x00, {0x02, 0x00, 0x00, 0x00} },
  { 0x0D, "Savannah", {0}, 0x00D4, 0x0000, 0x01, 0x0C, 0x28, { 0x00, 0x00, 0x00 }, 0, 0, 0x00, 0x00, card_savannah, 0x00000000, 0x00001000, 0xFF, 0x01, 0x02, 0x00, {0x02, 0x00, 0x00, 0x00} },
  { 0x08, "Scubland", {0}, 0x00D8, 0x0000, 0x01, 0x0C, 0x22, { 0x00, 0x00, 0x00 }, 0, 0, 0x00, 0x00, card_scrubland, 0x00000000, 0x00001000, 0xFF, 0x01, 0x02, 0x00, {0x02, 0x00, 0x00, 0x00} },
  { 0x08, "Taiga", {0}, 0x00F1, 0x0000, 0x01, 0x0C, 0x18, { 0x00, 0x00, 0x00 }, 0, 0, 0x00, 0x00, card_taiga, 0x00000000, 0x00001000, 0xFF, 0x01, 0x02, 0x00, {0x02, 0x00, 0x00, 0x00} },
  { 0x0E, "Trop.Island", {0}, 0x00FC, 0x0000, 0x01, 0x0C, 0x0C, { 0x00, 0x00, 0x00 }, 0, 0, 0x00, 0x00, card_tropical_island, 0x00000000, 0x00001000, 0xFF, 0x01, 0x02, 0x00, {0x02, 0x00, 0x00, 0x00} },
  { 0x08, "Tundra", {0}, 0x00FE, 0x0000, 0x01, 0x0C, 0x24, { 0x00, 0x00, 0x00 }, 0, 0, 0x00, 0x00, card_tundra, 0x00000000, 0x00001000, 0xFF, 0x01, 0x02, 0x00, {0x02, 0x00, 0x00, 0x00} },
  { 0x0C, "Undergd.Sea", {0}, 0x0102, 0x0000, 0x01, 0x0C, 0x06, { 0x00, 0x00, 0x00 }, 0, 0, 0x00, 0x00, card_underground_sea, 0x00000000, 0x00001000, 0xFF, 0x01, 0x02, 0x00, {0x02, 0x00, 0x00, 0x00} },
  { 0x0E, "Vol.Island", {0}, 0x010A, 0x0000, 0x01, 0x0C, 0x14, { 0x00, 0x00, 0x00 }, 0, 0, 0x00, 0x00, card_volcanic_island, 0x00000000, 0x00001000, 0xFF, 0x01, 0x02, 0x00, {0x02, 0x00, 0x00, 0x00} },
  { 0x0A, "Mesa Pegasus", {0}, 0x00A1, 0x0000, 0x02, 0xFF, 0x20, { 0x01, 0x01, 0x00 }, 1, 1, 0x00, 0x00, card_dummy, 0x00000060, 0x00000000, 0xFF, 0x08, 0x01, 0x00, {0x01, 0x00, 0x00, 0x00} },
  { 0x01, "BenalishHero", {0}, 0x000D, 0x0000, 0x02, 0xFF, 0x20, { 0x01, 0x00, 0x00 }, 1, 1, 0x00, 0x00, card_dummy, 0x00000040, 0x00000000, 0xFF, 0x08, 0x01, 0x00, {0x01, 0x00, 0x00, 0x00} },
  { 0x06, "Sav.Lions", {0}, 0x00D5, 0x0000, 0x02, 0xFF, 0x20, { 0x01, 0x00, 0x00 }, 2, 1, 0x00, 0x00, card_dummy, 0x00000000, 0x00000000, 0xFF, 0x08, 0x01, 0x00, {0x02, 0x00, 0x00, 0x00} },
  { 0x09, "N.Paladin", {0}, 0x00AF, 0x0000, 0x02, 0xFF, 0x20, { 0x02, 0x02, 0x00 }, 3, 3, 0x00, 0x00, card_northern_paladin, 0x00000000, 0x00000001, 0xFF, 0x18, 0x01, 0x00, {0x01, 0x00, 0x00, 0x00} },
  { 0x00, "Serra Angel", {0}, 0x00DD, 0x0000, 0x02, 0xFF, 0x20, { 0x02, 0x03, 0x00 }, 4, 4, 0x00, 0x00, card_serra_angel, 0x00000020, 0x00000200, 0xFF, 0x08, 0x01, 0x00, {0x02, 0x00, 0x00, 0x00} },
  { 0x09, "V.Bodyguard", {0}, 0x0108, 0x0000, 0x02, 0xFF, 0x20, { 0x02, 0x03, 0x00 }, 2, 5, 0x00, 0x00, card_veteran_bodyguard, 0x00000000, 0x00040000, 0xFF, 0x08, 0x02, 0x00, {0x01, 0x00, 0x00, 0x00} },
  { 0x04, "Samite Healr", {0}, 0x00D3, 0x0000, 0x02, 0xFF, 0x20, { 0x01, 0x01, 0x00 }, 1, 1, 0x00, 0x00, card_samite_healer, 0x00000000, 0x00000005, 0xFF, 0xF8, 0x01, 0x00, {0x02, 0x00, 0x00, 0x00} },
  { 0x06, "PearledUnicn", {0}, 0x00B4, 0x0000, 0x02, 0xFF, 0x20, { 0x01, 0x02, 0x00 }, 2, 2, 0x00, 0x00, card_dummy, 0x00000000, 0x00000000, 0xFF, 0x08, 0x01, 0x00, {0} },
  { 0x0B, "WallofSwords", {0}, 0x0111, 0x0000, 0x02, 0x00, 0x20, { 0x01, 0x03, 0x00 }, 3, 5, 0x00, 0x00, card_dummy, 0x00000020, 0x00000000, 0xFF, 0x08, 0x01, 0x00, {0x01, 0x00, 0x00, 0x00} },
  { 0x09, "WhiteKnight", {0}, 0x011B, 0x0000, 0x02, 0xFF, 0x20, { 0x02, 0x00, 0x00 }, 2, 2, 0x00, 0x00, card_white_knight, 0x00000100, 0x00000000, 0xFF, 0x08, 0x01, 0x00, {0x01, 0x00, 0x00, 0x00} },
  { 0x06, "Atog", {0}, 0x01DD, 0x0000, 0x02, 0xFF, 0x10, { 0x01, 0x01, 0x00 }, 1, 2, 0x00, 0x00, card_atog, 0x00000000, 0x00000001, 0xFF, 0x48, 0x20, 0x00, {0} },
  { 0x01, "Orcish Atty.", {0}, 0x00B1, 0x0000, 0x02, 0xFF, 0x10, { 0x02, 0x01, 0x00 }, 1, 3, 0x00, 0x00, card_orcish_artillery, 0x00000000, 0x00000001, 0xFF, 0xF8, 0x01, 0x00, {0} },
  { 0x0B, "Dwarven Wpn", {0}, 0x01ED, 0x0000, 0x02, 0x04, 0x10, { 0x01, 0x01, 0x00 }, 1, 1, 0x00, 0x00, card_dwarven_weaponsmith, 0x00000000, 0x00000001, 0xFF, 0xF8, 0x20, 0x00, {0x01, 0x00, 0x00, 0x00} },
  { 0x01, "Hill Giant", {0}, 0x006E, 0x0000, 0x02, 0xFF, 0x10, { 0x01, 0x03, 0x00 }, 3, 3, 0x00, 0x00, card_dummy, 0x00000000, 0x00000000, 0xFF, 0x08, 0x01, 0x00, {0} },
  { 0x0A, "Earth Elem.", {0}, 0x0049, 0x0000, 0x02, 0xFF, 0x10, { 0x02, 0x03, 0x00 }, 4, 5, 0x00, 0x00, card_dummy, 0x00000000, 0x00000000, 0xFF, 0x08, 0x01, 0x00, {0x01, 0x00, 0x00, 0x00} },
  { 0x00, "DragonWhelp", {0}, 0x0043, 0x0000, 0x02, 0xFF, 0x10, { 0x02, 0x02, 0x00 }, 2, 3, 0x00, 0x00, card_dragon_whelp, 0x00000020, 0x00000009, 0xFF, 0x48, 0x01, 0x00, {0x01, 0x00, 0x00, 0x00} },
  { 0x02, "Fire Elem.", {0}, 0x0053, 0x0000, 0x02, 0xFF, 0x10, { 0x02, 0x03, 0x00 }, 5, 4, 0x00, 0x00, card_dummy, 0x00000000, 0x00000000, 0xFF, 0x08, 0x01, 0x00, {0x01, 0x00, 0x00, 0x00} },
  { 0x0B, "GoblinBalln", {0}, 0x0065, 0x0000, 0x02, 0x03, 0x10, { 0x01, 0x00, 0x00 }, 1, 1, 0x00, 0x00, card_goblin_balloon_brigade, 0x00000000, 0x00000001, 0xFF, 0x38, 0x01, 0x00, {0x01, 0x00, 0x00, 0x00} },
  { 0x02, "GoblinRaidrs", {0}, 0x00A3, 0x0000, 0x02, 0x03, 0x10, { 0x01, 0x00, 0x00 }, 1, 1, 0x00, 0x00, card_dummy, 0x00000000, 0x00000000, 0xFF, 0x08, 0x01, 0x00, {0} },
  { 0x01, "Goblin King", {0}, 0x0066, 0x0000, 0x02, 0xFF, 0x10, { 0x02, 0x01, 0x00 }, 2, 2, 0x00, 0x00, card_goblin_king, 0x00000000, 0x00000000, 0xFF, 0x01, 0x01, 0x00, {0} },
  { 0x02, "GraniteGarg.", {0}, 0x0067, 0x0000, 0x02, 0xFF, 0x10, { 0x01, 0x02, 0x00 }, 2, 2, 0x00, 0x00, card_granite_gargoyle, 0x00000020, 0x00000011, 0xFF, 0x48, 0x02, 0x00, {0x03, 0x00, 0x00, 0x00} },
  { 0x01, "Gray Ogre", {0}, 0x0068, 0x0000, 0x02, 0xFF, 0x10, { 0x01, 0x02, 0x00 }, 2, 2, 0x00, 0x00, card_dummy, 0x00000000, 0x00000000, 0xFF, 0x08, 0x01, 0x00, {0} },
  { 0x06, "HurloonMintr", {0}, 0x0073, 0x0000, 0x02, 0xFF, 0x10, { 0x02, 0x01, 0x00 }, 2, 3, 0x00, 0x00, card_dummy, 0x00000000, 0x00000000, 0xFF, 0x08, 0x01, 0x00, {0} },
  { 0x09, "KeldonWarlrd", {0}, 0x0087, 0x0000, 0x02, 0xFF, 0x10, { 0x02, 0x02, 0x00 }, 16384, 16384, 0x00, 0x00, card_keldon_warlord, 0x00000000, 0x00000000, 0xFF, 0x08, 0x01, 0x00, {0x01, 0x00, 0x00, 0x00} },
  { 0x06, "Kird Ape", {0}, 0x01B5, 0x0000, 0x02, 0xFF, 0x10, { 0x01, 0x00, 0x00 }, 1, 1, 0x00, 0x00, card_kird_ape, 0x00000000, 0x00000000, 0xFF, 0x08, 0x04, 0x00, {0x01, 0x00, 0x00, 0x00} },
  { 0x06, "Roc of Kher", {0}, 0x00CE, 0x0000, 0x02, 0xFF, 0x10, { 0x01, 0x03, 0x00 }, 3, 3, 0x00, 0x00, card_dummy, 0x00000020, 0x00000000, 0xFF, 0x08, 0x02, 0x00, {0x02, 0x00, 0x00, 0x00} },
  { 0x00, "Rock Hydra", {0}, 0x00CF, 0x0000, 0x02, 0xFF, 0x10, { 0x02, 0xFF, 0x00 }, 16384, 16384, 0x00, 0x00, card_rock_hydra, 0x00000000, 0x00000005, 0xFF, 0xF8, 0x02, 0x00, {0x03, 0x00, 0x00, 0x00} },
  { 0x03, "Sedge Troll", {0}, 0x00DB, 0x0000, 0x02, 0xFF, 0x10, { 0x01, 0x02, 0x00 }, 2, 2, 0x00, 0x00, card_sedge_troll, 0x00000200, 0x00000001, 0xFF, 0xF8, 0x02, 0x00, {0x01, 0x00, 0x00, 0x00} },
  { 0x00, "ShivanDragon", {0}, 0x00E0, 0x0000, 0x02, 0xFF, 0x10, { 0x02, 0x04, 0x00 }, 5, 5, 0x00, 0x00, card_shivan_dragon, 0x00000020, 0x00000009, 0xFF, 0x48, 0x01, 0x00, {0x02, 0x00, 0x00, 0x00} },
  { 0x01, "Stone Giant", {0}, 0x00EB, 0x0000, 0x02, 0xFF, 0x10, { 0x02, 0x02, 0x00 }, 3, 4, 0x00, 0x00, card_stone_giant, 0x00000000, 0x00000001, 0xFF, 0x38, 0x01, 0x00, {0x01, 0x00, 0x00, 0x00} },
  { 0x03, "Uthden Troll", {0}, 0x0105, 0x0000, 0x02, 0xFF, 0x10, { 0x01, 0x02, 0x00 }, 2, 2, 0x00, 0x00, card_uthden_troll, 0x00000200, 0x00000001, 0xFF, 0xF8, 0x01, 0x00, {0x02, 0x00, 0x00, 0x00} },
  { 0x0B, "Wall of Fire", {0}, 0x010E, 0x0000, 0x02, 0x00, 0x10, { 0x02, 0x01, 0x00 }, 0, 5, 0x00, 0x00, card_shivan_dragon, 0x00000000, 0x00000009, 0xFF, 0x48, 0x01, 0x00, {0} },
  { 0x0A, "WallofStone", {0}, 0x0110, 0x0000, 0x02, 0x00, 0x10, { 0x02, 0x01, 0x00 }, 0, 8, 0x00, 0x00, card_dummy, 0x00000000, 0x00000000, 0xFF, 0x08, 0x01, 0x00, {0x01, 0x00, 0x00, 0x00} },
  { 0x03, "IronclawOrcs", {0}, 0x007C, 0x0000, 0x02, 0x09, 0x10, { 0x01, 0x01, 0x00 }, 2, 2, 0x00, 0x00, card_ironclaw_orcs, 0x00000000, 0x00000080, 0xFF, 0x08, 0x01, 0x00, {0} },
  { 0x03, "Rukh Egg", {0}, 0x01C4, 0x0000, 0x02, 0xFF, 0x10, { 0x01, 0x03, 0x00 }, 0, 3, 0x00, 0x00, card_rukh_egg, 0x00000000, 0x00000000, 0xFF, 0x08, 0x04, 0x00, {0x03, 0x00, 0x00, 0x00} },
  { 0x02, "Merfolk", {0}, 0x00A0, 0x0000, 0x02, 0x01, 0x04, { 0x01, 0x00, 0x00 }, 1, 1, 0x00, 0x00, card_dummy, 0x00000000, 0x00000000, 0xFF, 0x08, 0x01, 0x00, {0} },
  { 0x01, "LordAtlantis", {0}, 0x0096, 0x0000, 0x02, 0xFF, 0x04, { 0x02, 0x00, 0x00 }, 2, 2, 0x00, 0x00, card_lord_of_atlantis, 0x00000000, 0x00000000, 0xFF, 0x01, 0x01, 0x00, {0x01, 0x00, 0x00, 0x00} },
  { 0x00, "AirElemental", {0}, 0x0000, 0x0000, 0x02, 0xFF, 0x04, { 0x02, 0x03, 0x00 }, 4, 4, 0x00, 0x00, card_dummy, 0x00000020, 0x00000000, 0xFF, 0x08, 0x01, 0x00, {0x01, 0x00, 0x00, 0x00} },
  { 0x00, "Sea Serpent", {0}, 0x00DA, 0x0000, 0x02, 0xFF, 0x04, { 0x01, 0x05, 0x00 }, 5, 5, 0x00, 0x00, card_sea_serpent, 0x00000000, 0x00000000, 0xFF, 0x08, 0x01, 0x00, {0} },
  { 0x00, "Clone", {0}, 0x0027, 0x0000, 0x02, 0xFF, 0x04, { 0x01, 0x03, 0x00 }, 16384, 16384, 0x00, 0x00, card_clone, 0x00000000, 0x00000000, 0xFF, 0x01, 0x02, 0x00, {0x03, 0x00, 0x00, 0x00} },
  { 0x00, "Wall of Air", {0}, 0x010B, 0x0000, 0x02, 0x00, 0x04, { 0x02, 0x01, 0x00 }, 1, 5, 0x00, 0x00, card_dummy, 0x00000020, 0x00000000, 0xFF, 0x08, 0x01, 0x00, {0x01, 0x00, 0x00, 0x00} },
  { 0x00, "Wall of H2O", {0}, 0x0112, 0x0000, 0x02, 0x00, 0x04, { 0x02, 0x01, 0x00 }, 0, 5, 0x00, 0x00, card_wall_of_water, 0x00000000, 0x00000009, 0xFF, 0x48, 0x01, 0x00, {0x01, 0x00, 0x00, 0x00} },
  { 0x07, "IslandFish", {0}, 0x01AB, 0x0000, 0x02, 0xFF, 0x04, { 0x03, 0x04, 0x00 }, 6, 8, 0x00, 0x00, card_island_fish_jasconius, 0x00000000, 0x00000000, 0xFF, 0x08, 0x01, 0x00, {0xFF, 0xFF, 0xFF, 0xFF} },
  { 0x01, "Mahamoti Djn", {0}, 0x009A, 0x0000, 0x02, 0x06, 0x04, { 0x02, 0x04, 0x00 }, 5, 6, 0x00, 0x00, card_dummy, 0x00000020, 0x00000000, 0xFF, 0x08, 0x01, 0x00, {0x02, 0x00, 0x00, 0x00} },
  { 0x00, "PhantasmFrce", {0}, 0x00B7, 0x0000, 0x02, 0xFF, 0x04, { 0x01, 0x03, 0x00 }, 4, 1, 0x00, 0x00, card_phantasmal_forces, 0x00000020, 0x00000000, 0xFF, 0x08, 0x01, 0x00, {0x01, 0x00, 0x00, 0x00} },
  { 0x02, "PhntomMonstr", {0}, 0x00B9, 0x0000, 0x02, 0xFF, 0x04, { 0x01, 0x03, 0x00 }, 3, 3, 0x00, 0x00, card_dummy, 0x00000020, 0x00000000, 0xFF, 0x08, 0x01, 0x00, {0x03, 0x00, 0x00, 0x00} },
  { 0x01, "PirateShip", {0}, 0x00BA, 0x0000, 0x02, 0xFF, 0x04, { 0x01, 0x04, 0x00 }, 4, 3, 0x00, 0x00, card_pirate_ship, 0x00000000, 0x00000001, 0xFF, 0xF8, 0x01, 0x00, {0x03, 0x00, 0x00, 0x00} },
  { 0x03, "ProdigalSorc", {0}, 0x00C1, 0x0000, 0x02, 0xFF, 0x04, { 0x01, 0x02, 0x00 }, 1, 1, 0x00, 0x00, card_prodigal_sorcerer, 0x00000000, 0x00000001, 0xFF, 0xF8, 0x01, 0x00, {0x03, 0x00, 0x00, 0x00} },
  { 0x00, "WaterElement", {0}, 0x0117, 0x0000, 0x02, 0xFF, 0x04, { 0x02, 0x03, 0x00 }, 5, 4, 0x00, 0x00, card_dummy, 0x00000000, 0x00000000, 0xFF, 0x08, 0x01, 0x00, {0x01, 0x00, 0x00, 0x00} },
  { 0x00, "ZephyrFalcon", {0}, 0x035B, 0x0000, 0x02, 0xFF, 0x04, { 0x01, 0x01, 0x00 }, 1, 1, 0x00, 0x00, card_serra_angel, 0x00000020, 0x00000000, 0xFF, 0x08, 0x01, 0x00, {0x01, 0x00, 0x00, 0x00} },
  { 0x03, "GiantTortse", {0}, 0x01A6, 0x0000, 0x02, 0xFF, 0x04, { 0x01, 0x01, 0x00 }, 1, 1, 0x00, 0x00, card_giant_tortoise, 0x00000000, 0x00000000, 0xFF, 0x08, 0x01, 0x00, {0x01, 0x00, 0x00, 0x00} },
  { 0x00, "GuardBeast", {0}, 0x01A7, 0x0000, 0x02, 0xFF, 0x02, { 0x01, 0x03, 0x00 }, 2, 4, 0x00, 0x00, card_guardian_beast, 0x00000000, 0x00000000, 0xFF, 0x08, 0x04, 0x00, {0x03, 0x00, 0x00, 0x00} },
  { 0x03, "V.Doppelgngr", {0}, 0x0107, 0x0000, 0x02, 0xFF, 0x04, { 0x02, 0x03, 0x00 }, 16384, 16384, 0x00, 0x00, card_vesuvan_doppelganger, 0x00000000, 0x00000001, 0xFF, 0x11, 0x02, 0x00, {0x03, 0x00, 0x00, 0x00} },
  { 0x02, "ShanodnDryad", {0}, 0x00DE, 0x0000, 0x02, 0xFF, 0x08, { 0x01, 0x00, 0x00 }, 1, 1, 0x00, 0x00, card_dummy, 0x00000004, 0x00000000, 0xFF, 0x08, 0x01, 0x00, {0x01, 0x00, 0x00, 0x00} },
  { 0x05, "Wall of Wood", {0}, 0x0113, 0x0000, 0x02, 0x00, 0x08, { 0x01, 0x00, 0x00 }, 0, 3, 0x00, 0x00, card_dummy, 0x00000000, 0x00000000, 0xFF, 0x08, 0x01, 0x00, {0} },
  { 0x06, "Grizzly Bear", {0}, 0x006A, 0x0000, 0x02, 0xFF, 0x08, { 0x01, 0x01, 0x00 }, 2, 2, 0x00, 0x00, card_dummy, 0x00000000, 0x00000000, 0xFF, 0x08, 0x01, 0x00, {0x01, 0x00, 0x00, 0x00} },
  { 0x06, "Fungusaur", {0}, 0x005E, 0x0000, 0x02, 0xFF, 0x08, { 0x01, 0x03, 0x00 }, 2, 2, 0x00, 0x00, card_fungusaur, 0x00000000, 0x00000020, 0xFF, 0x08, 0x01, 0x00, {0} },
  { 0x06, "War Mammoth", {0}, 0x0115, 0x0000, 0x02, 0x0B, 0x08, { 0x01, 0x03, 0x00 }, 3, 3, 0x00, 0x00, card_dummy, 0x00000080, 0x00000000, 0xFF, 0x08, 0x01, 0x00, {0x01, 0x00, 0x00, 0x00} },
  { 0x06, "Giant Spider", {0}, 0x0062, 0x0000, 0x02, 0xFF, 0x08, { 0x01, 0x03, 0x00 }, 2, 4, 0x00, 0x00, card_giant_spider, 0x00000400, 0x00000000, 0xFF, 0x08, 0x01, 0x00, {0x02, 0x00, 0x00, 0x00} },
  { 0x02, "Craw Wurm", {0}, 0x0031, 0x0000, 0x02, 0xFF, 0x08, { 0x02, 0x04, 0x00 }, 6, 4, 0x00, 0x00, card_dummy, 0x00000000, 0x00000000, 0xFF, 0x08, 0x01, 0x00, {0x01, 0x00, 0x00, 0x00} },
  { 0x09, "ElvishArchrs", {0}, 0x004C, 0x0000, 0x02, 0xFF, 0x08, { 0x01, 0x01, 0x00 }, 2, 1, 0x00, 0x00, card_dummy, 0x00000100, 0x00000000, 0xFF, 0x08, 0x01, 0x00, {0x01, 0x00, 0x00, 0x00} },
  { 0x01, "ForceONature", {0}, 0x0059, 0x0000, 0x02, 0xFF, 0x08, { 0x04, 0x02, 0x00 }, 8, 8, 0x00, 0x00, card_force_of_nature, 0x00000080, 0x00000001, 0xFF, 0x18, 0x01, 0x00, {0x01, 0x00, 0x00, 0x00} },
  { 0x0A, "IronrootTflk", {0}, 0x007D, 0x0000, 0x02, 0xFF, 0x08, { 0x01, 0x04, 0x00 }, 3, 5, 0x00, 0x00, card_dummy, 0x00000000, 0x00000000, 0xFF, 0x08, 0x01, 0x00, {0x01, 0x00, 0x00, 0x00} },
  { 0x02, "LlanowarElvs", {0}, 0x0095, 0x0000, 0x02, 0xFF, 0x08, { 0x01, 0x00, 0x00 }, 1, 1, 0x00, 0x00, card_llanowar_elves, 0x00000000, 0x00001000, 0xFF, 0xF8, 0x01, 0x00, {0x02, 0x00, 0x00, 0x00} },
  { 0x00, "ScrybSprites", {0}, 0x00D9, 0x0000, 0x02, 0xFF, 0x08, { 0x01, 0x00, 0x00 }, 1, 1, 0x00, 0x00, card_dummy, 0x00000020, 0x00000000, 0xFF, 0x08, 0x01, 0x00, {0x02, 0x00, 0x00, 0x00} },
  { 0x06, "TimberWolves", {0}, 0x00F7, 0x0000, 0x02, 0xFF, 0x08, { 0x01, 0x00, 0x00 }, 1, 1, 0x00, 0x00, card_dummy, 0x00000040, 0x00000000, 0xFF, 0x08, 0x01, 0x00, {0x02, 0x00, 0x00, 0x00} },
  { 0x05, "Wall/Bramble", {0}, 0x010D, 0x0000, 0x02, 0x00, 0x08, { 0x01, 0x02, 0x00 }, 2, 3, 0x00, 0x00, card_uthden_troll, 0x00000200, 0x00000001, 0xFF, 0xF8, 0x01, 0x00, {0x01, 0x00, 0x00, 0x00} },
  { 0x03, "Enchantress", {0}, 0x0106, 0x0000, 0x02, 0xFF, 0x08, { 0x02, 0x01, 0x00 }, 0, 2, 0x00, 0x00, card_verduran_enchantress, 0x00000000, 0x00000000, 0xFF, 0x08, 0x01, 0x00, {0xFF, 0xFF, 0xFF, 0xFF} },
  { 0x06, "DurkwdBoars", {0}, 0x026A, 0x0000, 0x02, 0xFF, 0x08, { 0x01, 0x04, 0x00 }, 4, 4, 0x00, 0x00, card_dummy, 0x00000000, 0x00000000, 0xFF, 0x08, 0x01, 0x00, {0x01, 0x00, 0x00, 0x00} },
  { 0x02, "Drudge Skel.", {0}, 0x0046, 0x0000, 0x02, 0xFF, 0x02, { 0x01, 0x01, 0x00 }, 1, 1, 0x00, 0x00, card_uthden_troll, 0x00000200, 0x00000001, 0xFF, 0xF8, 0x01, 0x00, {0x02, 0x00, 0x00, 0x00} },
  { 0x02, "ScatheZombie", {0}, 0x00D6, 0x0000, 0x02, 0x02, 0x02, { 0x01, 0x02, 0x00 }, 2, 2, 0x00, 0x00, card_scathe_zombies, 0x00000000, 0x00000001, 0xFF, 0xF8, 0x01, 0x00, {0} },
  { 0x01, "ZombieMaster", {0}, 0x0123, 0x0000, 0x02, 0xFF, 0x02, { 0x02, 0x01, 0x00 }, 2, 3, 0x00, 0x00, card_zombie_master, 0x00000000, 0x00000000, 0xFF, 0x01, 0x01, 0x00, {0} },
  { 0x09, "Erg Raiders", {0}, 0x019F, 0x0000, 0x02, 0xFF, 0x02, { 0x01, 0x01, 0x00 }, 2, 3, 0x00, 0x00, card_erg_raiders, 0x00000000, 0x00000000, 0xFF, 0x08, 0x01, 0x00, {0x01, 0x00, 0x00, 0x00} },
  { 0x0B, "Carrion Ants", {0}, 0x024D, 0x0000, 0x02, 0xFF, 0x02, { 0x02, 0x02, 0x00 }, 0, 1, 0x00, 0x00, card_carrion_ants, 0x00000000, 0x00000019, 0xFF, 0xC8, 0x01, 0x00, {0x01, 0x00, 0x00, 0x00} },
  { 0x02, "Bog Wraith", {0}, 0x0018, 0x0000, 0x02, 0xFF, 0x02, { 0x01, 0x03, 0x00 }, 3, 3, 0x00, 0x00, card_dummy, 0x00000001, 0x00000000, 0xFF, 0x08, 0x01, 0x00, {0x01, 0x00, 0x00, 0x00} },
  { 0x03, "Frozen Shade", {0}, 0x005D, 0x0000, 0x02, 0xFF, 0x02, { 0x01, 0x02, 0x00 }, 0, 1, 0x00, 0x00, card_frozen_shade, 0x00000000, 0x00000019, 0xFF, 0x48, 0x01, 0x00, {0x01, 0x00, 0x00, 0x00} },
  { 0x06, "Nightmare", {0}, 0x00AE, 0x0000, 0x02, 0xFF, 0x02, { 0x01, 0x05, 0x00 }, 16384, 16384, 0x00, 0x00, card_nightmare, 0x00000020, 0x00000000, 0xFF, 0x08, 0x01, 0x00, {0x02, 0x00, 0x00, 0x00} },
  { 0x01, "RoyalAssasin", {0}, 0x00D1, 0x0000, 0x02, 0xFF, 0x02, { 0x02, 0x01, 0x00 }, 1, 1, 0x00, 0x00, card_royal_assassin, 0x00000000, 0x00000001, 0xFF, 0xF8, 0x01, 0x00, {0x02, 0x00, 0x00, 0x00} },
  { 0x00, "SorceressQn", {0}, 0x01CC, 0x0000, 0x02, 0xFF, 0x02, { 0x02, 0x01, 0x00 }, 1, 1, 0x00, 0x00, card_sorceress_queen, 0x00000000, 0x00000001, 0xFF, 0xF8, 0x01, 0x00, {0x02, 0x00, 0x00, 0x00} },
  { 0x02, "WallofBone", {0}, 0x010C, 0x0000, 0x02, 0x00, 0x02, { 0x01, 0x02, 0x00 }, 1, 4, 0x00, 0x00, card_uthden_troll, 0x00000200, 0x00000001, 0xFF, 0xF8, 0x01, 0x00, {0x01, 0x00, 0x00, 0x00} },
  { 0x02, "WillOtheWisp", {0}, 0x011E, 0x0000, 0x02, 0xFF, 0x02, { 0x01, 0x00, 0x00 }, 0, 1, 0x00, 0x00, card_uthden_troll, 0x00000220, 0x00000001, 0xFF, 0xF8, 0x01, 0x00, {0x02, 0x00, 0x00, 0x00} },
  { 0x02, "HypnoticSpec", {0}, 0x0075, 0x0000, 0x02, 0xFF, 0x02, { 0x02, 0x01, 0x00 }, 2, 2, 0x00, 0x00, card_hypnotic_specter, 0x00000020, 0x00000000, 0xFF, 0x08, 0x01, 0x00, {0x02, 0x00, 0x00, 0x00} },
  { 0x02, "Vampire Bats", {0}, 0x0343, 0x0000, 0x02, 0xFF, 0x02, { 0x01, 0x00, 0x00 }, 0, 1, 0x00, 0x00, card_vampire_bats, 0x00000020, 0x00000009, 0xFF, 0x48, 0x01, 0x00, {0x01, 0x00, 0x00, 0x00} },
  { 0x05, "Bad Moon", {0}, 0x0008, 0x0000, 0x04, 0xFF, 0x02, { 0x01, 0x01, 0x00 }, 0, 0, 0x00, 0x00, card_bad_moon, 0x00000000, 0x00000000, 0xFF, 0x01, 0x01, 0x00, {0x01, 0x00, 0x00, 0x00} },
  { 0x03, "Cursed Land", {0}, 0x0035, 0x0000, 0x04, 0xFF, 0x02, { 0x02, 0x02, 0x00 }, 0, 0, 0x00, 0x00, card_cursed_land, 0x00000000, 0x00000001, 0xFF, 0x11, 0x01, 0x00, {0x02, 0x00, 0x00, 0x00} },
  { 0x03, "EvilPresence", {0}, 0x004D, 0x0000, 0x04, 0xFF, 0x02, { 0x01, 0x00, 0x00 }, 0, 0, 0x00, 0x00, card_evil_presence, 0x00000000, 0x00000000, 0xFF, 0x01, 0x01, 0x00, {0xFF, 0xFF, 0xFF, 0xFF} },
  { 0x01, "UnholyStrnth", {0}, 0x0103, 0x0000, 0x04, 0xFF, 0x02, { 0x01, 0x00, 0x00 }, 0, 0, 0x00, 0x00, card_unholy_strength, 0x00000000, 0x00000000, 0xFF, 0x01, 0x01, 0x00, {0x02, 0x00, 0x00, 0x00} },
  { 0x02, "Weakness", {0}, 0x0118, 0x0000, 0x04, 0xFF, 0x02, { 0x01, 0x00, 0x00 }, 0, 0, 0x00, 0x00, card_weakness, 0x00000000, 0x00000000, 0xFF, 0x0F, 0x01, 0x00, {0x02, 0x00, 0x00, 0x00} },
  { 0x05, "WarpArtifact", {0}, 0x0116, 0x0000, 0x04, 0xFF, 0x02, { 0x02, 0x00, 0x00 }, 0, 0, 0x00, 0x00, card_warp_artifact, 0x00000000, 0x00000001, 0xFF, 0x18, 0x01, 0x00, {0xFF, 0xFF, 0xFF, 0xFF} },
  { 0x0A, "Unstable Mn.", {0}, 0x01CE, 0x0000, 0x04, 0xFF, 0x04, { 0x01, 0x00, 0x00 }, 0, 0, 0x00, 0x00, card_unstable_mutation, 0x00000000, 0x00000201, 0xFF, 0x11, 0x01, 0x00, {0x01, 0x00, 0x00, 0x00} },
  { 0x08, "Phantasmal", {0}, 0x00B8, 0x0000, 0x04, 0xFF, 0x04, { 0x02, 0x00, 0x00 }, 0, 0, 0x00, 0x00, card_phantasmal_terrain, 0x00000000, 0x00000000, 0xFF, 0x01, 0x01, 0x00, {0} },
  { 0x0A, "CopyArtifact", {0}, 0x002F, 0x0000, 0x04, 0xFF, 0x04, { 0x01, 0x01, 0x00 }, 0, 0, 0x00, 0x00, card_copy_artifact, 0x00000000, 0x00000100, 0xFF, 0x01, 0x02, 0x00, {0} },
  { 0x02, "Flight", {0}, 0x0057, 0x0000, 0x04, 0xFF, 0x04, { 0x01, 0x00, 0x00 }, 0, 0, 0x00, 0x00, card_flight, 0x00000000, 0x00000000, 0xFF, 0x01, 0x01, 0x00, {0x01, 0x00, 0x00, 0x00} },
  { 0x02, "PsychicVenom", {0}, 0x00C3, 0x0000, 0x04, 0xFF, 0x04, { 0x01, 0x01, 0x00 }, 0, 0, 0x00, 0x00, card_psychic_venom, 0x00000000, 0x00000000, 0xFF, 0x01, 0x01, 0x00, {0xFF, 0xFF, 0xFF, 0xFF} },
  { 0x00, "CreatureBond", {0}, 0x0032, 0x0000, 0x04, 0xFF, 0x04, { 0x01, 0x01, 0x00 }, 0, 0, 0x00, 0x00, card_creature_bond, 0x00000000, 0x00000000, 0xFF, 0x01, 0x01, 0x00, {0xFF, 0xFF, 0xFF, 0xFF} },
  { 0x00, "Animate Art.", {0}, 0x0002, 0x0000, 0x04, 0xFF, 0x04, { 0x01, 0x03, 0x00 }, 0, 0, 0x00, 0x00, card_animate_artifact, 0x00000000, 0x00000000, 0xFF, 0x01, 0x01, 0x00, {0xFF, 0xFF, 0xFF, 0xFF} },
  { 0x00, "Feedback", {0}, 0x0052, 0x0000, 0x04, 0xFF, 0x04, { 0x01, 0x02, 0x00 }, 0, 0, 0x00, 0x00, card_feedback, 0x00000000, 0x00000001, 0xFF, 0x18, 0x01, 0x00, {0xFF, 0xFF, 0xFF, 0xFF} },
  { 0x0B, "Lifetap", {0}, 0x0090, 0x0000, 0x04, 0xFF, 0x04, { 0x02, 0x00, 0x00 }, 0, 0, 0x00, 0x00, card_lifetap, 0x00000000, 0x00000000, 0xFF, 0x01, 0x01, 0x00, {0} },
  { 0x05, "Wild Growth", {0}, 0x011D, 0x0000, 0x04, 0xFF, 0x08, { 0x01, 0x00, 0x00 }, 0, 0, 0x00, 0x00, card_wild_growth, 0x00000000, 0x00000000, 0xFF, 0x01, 0x01, 0x00, {0x01, 0x00, 0x00, 0x00} },
  { 0x05, "Regeneration", {0}, 0x00C9, 0x0000, 0x04, 0xFF, 0x08, { 0x01, 0x01, 0x00 }, 0, 0, 0x00, 0x00, card_regeneration, 0x00000000, 0x00000001, 0xFF, 0xF1, 0x01, 0x00, {0x01, 0x00, 0x00, 0x00} },
  { 0x04, "Web", {0}, 0x0119, 0x0000, 0x04, 0xFF, 0x08, { 0x01, 0x00, 0x00 }, 0, 0, 0x00, 0x00, card_web, 0x00000000, 0x00000000, 0xFF, 0x01, 0x01, 0x00, {0} },
  { 0x00, "Wanderlust", {0}, 0x0114, 0x0000, 0x04, 0xFF, 0x08, { 0x01, 0x02, 0x00 }, 0, 0, 0x00, 0x00, card_wanderlust, 0x00000000, 0x00000001, 0xFF, 0x18, 0x01, 0x00, {0x02, 0x00, 0x00, 0x00} },
  { 0x0B, "InstillEnrgy", {0}, 0x0079, 0x0000, 0x04, 0xFF, 0x08, { 0x01, 0x00, 0x00 }, 0, 0, 0x00, 0x00, card_instill_energy, 0x00000000, 0x10000001, 0xFF, 0xF1, 0x01, 0x00, {0} },
  { 0x00, "Lifeforce", {0}, 0x008E, 0x0000, 0x04, 0xFF, 0x08, { 0x02, 0x00, 0x00 }, 0, 0, 0x00, 0x00, card_lifeforce, 0x00000000, 0x00004002, 0xFF, 0xF1, 0x01, 0x00, {0} },
  { 0x06, "AspectofWolf", {0}, 0x0007, 0x0000, 0x04, 0xFF, 0x08, { 0x01, 0x01, 0x00 }, 0, 0, 0x00, 0x00, card_aspect_of_wolf, 0x00000000, 0x00000000, 0xFF, 0x01, 0x01, 0x00, {0} },
  { 0x0A, "LivingArtfct", {0}, 0x0092, 0x0000, 0x04, 0xFF, 0x08, { 0x01, 0x00, 0x00 }, 0, 0, 0x00, 0x00, card_living_artifact, 0x00000000, 0x00000021, 0xFF, 0x11, 0x01, 0x00, {0} },
  { 0x00, "Earthbind", {0}, 0x004A, 0x0000, 0x04, 0xFF, 0x10, { 0x01, 0x00, 0x00 }, 0, 0, 0x00, 0x00, card_earthbind, 0x00000000, 0x00000000, 0xFF, 0x01, 0x02, 0x00, {0xFF, 0xFF, 0xFF, 0xFF} },
  { 0x07, "Burrowing", {0}, 0x001A, 0x0000, 0x04, 0xFF, 0x10, { 0x01, 0x00, 0x00 }, 0, 0, 0x00, 0x00, card_burrowing, 0x00000000, 0x00000000, 0xFF, 0x01, 0x01, 0x00, {0} },
  { 0x05, "Firebreath", {0}, 0x0055, 0x0000, 0x04, 0xFF, 0x10, { 0x01, 0x00, 0x00 }, 0, 0, 0x00, 0x00, card_firebreathing, 0x00000000, 0x00020001, 0xFF, 0x41, 0x01, 0x00, {0x01, 0x00, 0x00, 0x00} },
  { 0x05, "Manabarbs", {0}, 0x009E, 0x0000, 0x04, 0xFF, 0x10, { 0x01, 0x03, 0x00 }, 0, 0, 0x00, 0x00, card_manabarbs, 0x00000000, 0x00000000, 0xFF, 0x08, 0x01, 0x00, {0xFF, 0xFF, 0xFF, 0xFF} },
  { 0x0B, "Oriflamme", {0}, 0x00B2, 0x0000, 0x04, 0xFF, 0x10, { 0x01, 0x03, 0x00 }, 0, 0, 0x00, 0x00, card_orcish_oriflamme, 0x00000000, 0x00000000, 0xFF, 0x01, 0x01, 0x00, {0x01, 0x00, 0x00, 0x00} },
  { 0x0B, "ManaFlare", {0}, 0x009B, 0x0000, 0x04, 0xFF, 0x10, { 0x01, 0x02, 0x00 }, 0, 0, 0x00, 0x00, card_mana_flare, 0x00000000, 0x00000000, 0xFF, 0x01, 0x01, 0x00, {0xFF, 0xFF, 0xFF, 0xFF} },
  { 0x09, "Holy Armor", {0}, 0x006F, 0x0000, 0x04, 0xFF, 0x20, { 0x01, 0x00, 0x00 }, 0, 0, 0x00, 0x00, card_holy_armor, 0x00000000, 0x00020001, 0xFF, 0x41, 0x01, 0x00, {0} },
  { 0x0A, "Castle", {0}, 0x001C, 0x0000, 0x04, 0xFF, 0x20, { 0x01, 0x03, 0x00 }, 0, 0, 0x00, 0x00, card_castle, 0x00000000, 0x00000000, 0xFF, 0x01, 0x01, 0x00, {0xFF, 0xFF, 0xFF, 0xFF} },
  { 0x03, "HolyStrength", {0}, 0x0070, 0x0000, 0x04, 0xFF, 0x20, { 0x01, 0x00, 0x00 }, 0, 0, 0x00, 0x00, card_holy_strength, 0x00000000, 0x00000000, 0xFF, 0x01, 0x01, 0x00, {0x01, 0x00, 0x00, 0x00} },
  { 0x04, "Black Ward", {0}, 0x0013, 0x0000, 0x04, 0xFF, 0x20, { 0x01, 0x00, 0x00 }, 0, 0, 0x00, 0x00, card_black_ward, 0x00000000, 0x00000000, 0xFF, 0x01, 0x01, 0x00, {0} },
  { 0x04, "Green Ward", {0}, 0x0069, 0x0000, 0x04, 0xFF, 0x20, { 0x01, 0x00, 0x00 }, 0, 0, 0x00, 0x00, card_green_ward, 0x00000000, 0x00000000, 0xFF, 0x01, 0x01, 0x00, {0} },
  { 0x04, "Blue Ward", {0}, 0x0017, 0x0000, 0x04, 0xFF, 0x20, { 0x01, 0x00, 0x00 }, 0, 0, 0x00, 0x00, card_blue_ward, 0x00000000, 0x00000000, 0xFF, 0x01, 0x01, 0x00, {0} },
  { 0x04, "Red Ward", {0}, 0x00C8, 0x0000, 0x04, 0xFF, 0x20, { 0x01, 0x00, 0x00 }, 0, 0, 0x00, 0x00, card_red_ward, 0x00000000, 0x00000000, 0xFF, 0x01, 0x01, 0x00, {0} },
  { 0x04, "White Ward", {0}, 0x011C, 0x0000, 0x04, 0xFF, 0x20, { 0x01, 0x00, 0x00 }, 0, 0, 0x00, 0x00, card_white_ward, 0x00000000, 0x00000000, 0xFF, 0x01, 0x01, 0x00, {0} },
  { 0x04, "Art Ward", {0}, 0x01D9, 0x0000, 0x04, 0xFF, 0x20, { 0x01, 0x00, 0x00 }, 0, 0, 0x00, 0x00, card_artifact_ward, 0x00000000, 0x00000000, 0xFF, 0x01, 0x20, 0x00, {0x02, 0x00, 0x00, 0x00} },
  { 0x0A, "Karma", {0}, 0x0086, 0x0000, 0x04, 0xFF, 0x20, { 0x02, 0x02, 0x00 }, 0, 0, 0x00, 0x00, card_karma, 0x00000000, 0x00000001, 0xFF, 0x18, 0x01, 0x00, {0} },
  { 0x08, "Farmstead", {0}, 0x004F, 0x0000, 0x04, 0xFF, 0x20, { 0x03, 0x00, 0x00 }, 0, 0, 0x00, 0x00, card_farmstead, 0x00000000, 0x00000001, 0xFF, 0xF8, 0x02, 0x00, {0x02, 0x00, 0x00, 0x00} },
  { 0x05, "COP White", {0}, 0x0025, 0x0000, 0x04, 0xFF, 0x20, { 0x01, 0x01, 0x00 }, 0, 0, 0x00, 0x00, card_co_p_white, 0x00000000, 0x00000005, 0xFF, 0xF1, 0x01, 0x00, {0} },
  { 0x05, "COP Black", {0}, 0x0021, 0x0000, 0x04, 0xFF, 0x20, { 0x01, 0x01, 0x00 }, 0, 0, 0x00, 0x00, card_co_p_black, 0x00000000, 0x00000005, 0xFF, 0xF1, 0x01, 0x00, {0} },
  { 0x05, "COP Blue", {0}, 0x0022, 0x0000, 0x04, 0xFF, 0x20, { 0x01, 0x01, 0x00 }, 0, 0, 0x00, 0x00, card_co_p_blue, 0x00000000, 0x00000005, 0xFF, 0xF1, 0x01, 0x00, {0} },
  { 0x05, "COP Red", {0}, 0x0024, 0x0000, 0x04, 0xFF, 0x20, { 0x01, 0x01, 0x00 }, 0, 0, 0x00, 0x00, card_co_p_red, 0x00000000, 0x00000005, 0xFF, 0xF1, 0x01, 0x00, {0} },
  { 0x05, "COP Green", {0}, 0x0023, 0x0000, 0x04, 0xFF, 0x20, { 0x01, 0x01, 0x00 }, 0, 0, 0x00, 0x00, card_co_p_green, 0x00000000, 0x00000005, 0xFF, 0xF1, 0x01, 0x00, {0} },
  { 0x09, "Crusade", {0}, 0x0033, 0x0000, 0x04, 0xFF, 0x20, { 0x02, 0x00, 0x00 }, 0, 0, 0x00, 0x00, card_crusade, 0x00000000, 0x00000000, 0xFF, 0x01, 0x01, 0x00, {0x01, 0x00, 0x00, 0x00} },
  { 0x00, "BlazeOfGlory", {0}, 0x0014, 0x0000, 0x10, 0xFF, 0x20, { 0x01, 0x00, 0x00 }, 0, 0, 0x00, 0x00, card_blaze_of_glory, 0x00000000, 0x00000000, 0xFF, 0x0F, 0x02, 0x00, {0x03, 0x00, 0x00, 0x00} },
  { 0x04, "Blessing", {0}, 0x0015, 0x0000, 0x04, 0xFF, 0x20, { 0x02, 0x00, 0x00 }, 0, 0, 0x00, 0x00, card_blessing, 0x00000000, 0x00020001, 0xFF, 0x41, 0x01, 0x00, {0} },
  { 0x02, "Conversion", {0}, 0x002D, 0x0000, 0x04, 0xFF, 0x20, { 0x02, 0x02, 0x00 }, 0, 0, 0x00, 0x00, card_conversion, 0x00000000, 0x00000000, 0xFF, 0x08, 0x01, 0x00, {0} },
  { 0x02, "SpiritLink", {0}, 0x031A, 0x0000, 0x04, 0xFF, 0x20, { 0x01, 0x00, 0x00 }, 0, 0, 0x00, 0x00, card_spirit_link, 0x00000000, 0x00000000, 0xFF, 0x01, 0x01, 0x00, {0x03, 0x00, 0x00, 0x00} },
  { 0x02, "DivineTrans", {0}, 0x0268, 0x0000, 0x04, 0xFF, 0x20, { 0x02, 0x02, 0x00 }, 0, 0, 0x00, 0x00, card_divine_transformation, 0x00000000, 0x00000000, 0xFF, 0x01, 0x01, 0x00, {0} },
  { 0x04, "Wrath of God", {0}, 0x0122, 0x0000, 0x08, 0xFF, 0x20, { 0x02, 0x02, 0x00 }, 0, 0, 0x00, 0x00, card_wrath_of_god, 0x00000000, 0x00000000, 0xFF, 0x08, 0x01, 0x00, {0x02, 0x00, 0x00, 0x00} },
  { 0x05, "Armageddon", {0}, 0x0006, 0x0000, 0x08, 0xFF, 0x20, { 0x01, 0x03, 0x00 }, 0, 0, 0x00, 0x00, card_armageddon, 0x00000000, 0x00000000, 0xFF, 0x01, 0x01, 0x00, {0x03, 0x00, 0x00, 0x00} },
  { 0x04, "Resurrection", {0}, 0x00CB, 0x0000, 0x08, 0xFF, 0x20, { 0x02, 0x02, 0x00 }, 0, 0, 0x00, 0x00, card_resurrection, 0x00000000, 0x00000000, 0xFF, 0x01, 0x02, 0x00, {0x03, 0x00, 0x00, 0x00} },
  { 0x04, "Raise Dead", {0}, 0x00C6, 0x0000, 0x08, 0xFF, 0x02, { 0x01, 0x00, 0x00 }, 0, 0, 0x00, 0x00, card_raise_dead, 0x00000000, 0x00000000, 0xFF, 0x01, 0x01, 0x00, {0x01, 0x00, 0x00, 0x00} },
  { 0x03, "Drain Life", {0}, 0x0044, 0x0000, 0x08, 0xFF, 0x02, { 0x01, 0x01, 0x00 }, 0, 0, 0x00, 0x00, card_drain_life, 0x00000000, 0x00000000, 0xFF, 0x08, 0x01, 0x00, {0x02, 0x00, 0x00, 0x00} },
  { 0x02, "Reconstruct", {0}, 0x0209, 0x0000, 0x08, 0xFF, 0x04, { 0x01, 0x00, 0x00 }, 0, 0, 0x00, 0x00, card_reconstruction, 0x00000000, 0x00000000, 0xFF, 0x01, 0x20, 0x00, {0xFF, 0xFF, 0xFF, 0xFF} },
  { 0x02, "Braingeyser", {0}, 0x0019, 0x0000, 0x08, 0xFF, 0x04, { 0x02, 0xFF, 0x00 }, 0, 0, 0x00, 0x00, card_braingeyser, 0x00000000, 0x00000100, 0xFF, 0x01, 0x02, 0x00, {0x02, 0x00, 0x00, 0x00} },
  { 0x02, "Disintegrate", {0}, 0x0041, 0x0000, 0x08, 0xFF, 0x10, { 0x01, 0xFF, 0x00 }, 0, 0, 0x00, 0x00, card_disintegrate, 0x00000000, 0x00000000, 0xFF, 0x01, 0x01, 0x00, {0x03, 0x00, 0x00, 0x00} },
  { 0x05, "Stone Rain", {0}, 0x00EC, 0x0000, 0x08, 0xFF, 0x10, { 0x01, 0x02, 0x00 }, 0, 0, 0x00, 0x00, card_stone_rain, 0x00000000, 0x00000000, 0xFF, 0x01, 0x01, 0x00, {0xFF, 0xFF, 0xFF, 0xFF} },
  { 0x0B, "EarthQuake", {0}, 0x004B, 0x0000, 0x08, 0xFF, 0x10, { 0x01, 0xFF, 0x00 }, 0, 0, 0x00, 0x00, card_earthquake, 0x00000000, 0x00000000, 0xFF, 0x01, 0x01, 0x00, {0x01, 0x00, 0x00, 0x00} },
  { 0x05, "Fireball", {0}, 0x0054, 0x0000, 0x08, 0xFF, 0x10, { 0x01, 0xFF, 0x00 }, 0, 0, 0x00, 0x00, card_fireball, 0x00000000, 0x00000000, 0xFF, 0x01, 0x01, 0x00, {0x02, 0x00, 0x00, 0x00} },
  { 0x08, "Flashfires", {0}, 0x0056, 0x0000, 0x08, 0xFF, 0x10, { 0x01, 0x03, 0x00 }, 0, 0, 0x00, 0x00, card_flashfires, 0x00000000, 0x00000000, 0xFF, 0x01, 0x01, 0x00, {0} },
  { 0x0B, "Shatterstorm", {0}, 0x020E, 0x0000, 0x08, 0xFF, 0x10, { 0x02, 0x02, 0x00 }, 0, 0, 0x00, 0x00, card_shatterstorm, 0x00000000, 0x00000000, 0xFF, 0x01, 0x20, 0x00, {0x01, 0x00, 0x00, 0x00} },
  { 0x04, "DesertTwistr", {0}, 0x0199, 0x0000, 0x08, 0xFF, 0x08, { 0x02, 0x04, 0x00 }, 0, 0, 0x00, 0x00, card_desert_twister, 0x00000000, 0x00000000, 0xFF, 0x01, 0x01, 0x00, {0xFF, 0xFF, 0xFF, 0xFF} },
  { 0x04, "Hurricane", {0}, 0x0074, 0x0000, 0x08, 0xFF, 0x08, { 0x01, 0xFF, 0x00 }, 0, 0, 0x00, 0x00, card_hurricane, 0x00000000, 0x00000000, 0xFF, 0x01, 0x01, 0x00, {0x01, 0x00, 0x00, 0x00} },
  { 0x0A, "Tranquility", {0}, 0x00FB, 0x0000, 0x08, 0xFF, 0x08, { 0x01, 0x02, 0x00 }, 0, 0, 0x00, 0x00, card_tranquility, 0x00000000, 0x00000000, 0xFF, 0x01, 0x01, 0x00, {0x02, 0x00, 0x00, 0x00} },
  { 0x04, "StreamofLife", {0}, 0x00ED, 0x0000, 0x08, 0xFF, 0x08, { 0x01, 0xFF, 0x00 }, 0, 0, 0x00, 0x00, card_stream_of_life, 0x00000000, 0x00000000, 0xFF, 0x0F, 0x01, 0x00, {0x03, 0x00, 0x00, 0x00} },
  { 0x0B, "Ice Storm", {0}, 0x0076, 0x0000, 0x08, 0xFF, 0x08, { 0x01, 0x02, 0x00 }, 0, 0, 0x00, 0x00, card_stone_rain, 0x00000000, 0x00000200, 0xFF, 0x01, 0x02, 0x00, {0x03, 0x00, 0x00, 0x00} },
  { 0x0A, "Regrowth", {0}, 0x00CA, 0x0000, 0x08, 0xFF, 0x08, { 0x01, 0x01, 0x00 }, 0, 0, 0x00, 0x00, card_regrowth, 0x00000000, 0x00000100, 0xFF, 0x01, 0x02, 0x00, {0x02, 0x00, 0x00, 0x00} },
  { 0x00, "Tsunami", {0}, 0x00FD, 0x0000, 0x08, 0xFF, 0x08, { 0x01, 0x03, 0x00 }, 0, 0, 0x00, 0x00, card_tsunami, 0x00000000, 0x00000000, 0xFF, 0x01, 0x01, 0x00, {0} },
  { 0x0A, "Basalt Mono", {0}, 0x000B, 0x0000, 0x40, 0xFF, 0x01, { 0x00, 0x03, 0x00 }, 0, 0, 0x00, 0x00, card_basalt_monolith, 0x00000000, 0x00001001, 0xFF, 0xF1, 0x02, 0x00, {0x01, 0x00, 0x00, 0x00} },
  { 0x04, "Conservator", {0}, 0x002A, 0x0000, 0x40, 0xFF, 0x01, { 0x00, 0x04, 0x00 }, 0, 0, 0x00, 0x00, card_conservator, 0x00000000, 0x00000005, 0xFF, 0xF1, 0x01, 0x00, {0x02, 0x00, 0x00, 0x00} },
  { 0x0B, "GntletOMight", {0}, 0x0060, 0x0000, 0x40, 0xFF, 0x01, { 0x00, 0x04, 0x00 }, 0, 0, 0x00, 0x00, card_gauntlet_of_might, 0x00000000, 0x00000080, 0xFF, 0x01, 0x02, 0x00, {0x03, 0x00, 0x00, 0x00} },
  { 0x05, "Iron Star", {0}, 0x007B, 0x0000, 0x40, 0xFF, 0x01, { 0x00, 0x01, 0x00 }, 0, 0, 0x00, 0x00, card_iron_star, 0x00000000, 0x00000000, 0xFF, 0xF1, 0x01, 0x00, {0x01, 0x00, 0x00, 0x00} },
  { 0x0A, "Ivory Cup", {0}, 0x0080, 0x0000, 0x40, 0xFF, 0x01, { 0x00, 0x01, 0x00 }, 0, 0, 0x00, 0x00, card_ivory_cup, 0x00000000, 0x00000000, 0xFF, 0xF1, 0x01, 0x00, {0x01, 0x00, 0x00, 0x00} },
  { 0x0A, "Crystal Rod", {0}, 0x0034, 0x0000, 0x40, 0xFF, 0x01, { 0x00, 0x01, 0x00 }, 0, 0, 0x00, 0x00, card_crystal_rod, 0x00000000, 0x00000000, 0xFF, 0xF1, 0x01, 0x00, {0x01, 0x00, 0x00, 0x00} },
  { 0x04, "AnkhofMishra", {0}, 0x0005, 0x0000, 0x40, 0xFF, 0x01, { 0x00, 0x02, 0x00 }, 0, 0, 0x00, 0x00, card_ankh_of_mishra, 0x00000000, 0x00000000, 0xFF, 0x08, 0x01, 0x00, {0} },
  { 0x0A, "ArmageddnClk", {0}, 0x01D7, 0x0000, 0x40, 0xFF, 0x01, { 0x00, 0x06, 0x00 }, 0, 0, 0x00, 0x00, card_armageddon_clock, 0x00000000, 0x00000021, 0xFF, 0x18, 0x01, 0x00, {0xFF, 0xFF, 0xFF, 0xFF} },
  { 0x05, "Dingus Egg", {0}, 0x003F, 0x0000, 0x40, 0xFF, 0x01, { 0x00, 0x04, 0x00 }, 0, 0, 0x00, 0x00, card_dingus_egg, 0x00000000, 0x00000000, 0xFF, 0x01, 0x01, 0x00, {0xFE, 0xFF, 0xFF, 0xFF} },
  { 0x0B, "Ebony Horse", {0}, 0x019C, 0x0000, 0x40, 0xFF, 0x01, { 0x00, 0x03, 0x00 }, 0, 0, 0x00, 0x00, card_ebony_horse, 0x00000000, 0x00000001, 0xFF, 0x41, 0x01, 0x00, {0xFF, 0xFF, 0xFF, 0xFF} },
  { 0x0A, "JadeMonolith", {0}, 0x0081, 0x0000, 0x40, 0xFF, 0x01, { 0x00, 0x04, 0x00 }, 0, 0, 0x00, 0x00, card_jade_monolith, 0x00000000, 0x00000005, 0xFF, 0xF1, 0x01, 0x00, {0} },
  { 0x0A, "JandorsSddle", {0}, 0x01AE, 0x0000, 0x40, 0xFF, 0x01, { 0x00, 0x02, 0x00 }, 0, 0, 0x00, 0x00, card_jandor_s_saddlebags, 0x00000000, 0x00000001, 0xFF, 0x11, 0x01, 0x00, {0} },
  { 0x0A, "JayemdaeTome", {0}, 0x0083, 0x0000, 0x40, 0xFF, 0x01, { 0x00, 0x04, 0x00 }, 0, 0, 0x00, 0x00, card_jayemdae_tome, 0x00000000, 0x00000001, 0xFF, 0x11, 0x01, 0x00, {0x02, 0x00, 0x00, 0x00} },
  { 0x0A, "Mana Vault", {0}, 0x009D, 0x0000, 0x40, 0xFF, 0x01, { 0x00, 0x01, 0x00 }, 0, 0, 0x00, 0x00, card_mana_vault, 0x00000000, 0x00001001, 0xFF, 0xF1, 0x01, 0x00, {0x02, 0x00, 0x00, 0x00} },
  { 0x0A, "Meekstone", {0}, 0x009F, 0x0000, 0x40, 0xFF, 0x01, { 0x00, 0x01, 0x00 }, 0, 0, 0x00, 0x00, card_meekstone, 0x00000000, 0x00000000, 0xFF, 0x08, 0x01, 0x00, {0} },
  { 0x0A, "Onulet", {0}, 0x0200, 0x0000, 0x42, 0xFF, 0x01, { 0x00, 0x03, 0x00 }, 2, 2, 0x00, 0x00, card_onulet, 0x00000000, 0x00000000, 0xFF, 0x08, 0x01, 0x00, {0x02, 0x00, 0x00, 0x00} },
  { 0x0A, "RocketLaunch", {0}, 0x020B, 0x0000, 0x40, 0xFF, 0x01, { 0x00, 0x04, 0x00 }, 0, 0, 0x00, 0x00, card_rocket_launcher, 0x00000000, 0x00000001, 0xFF, 0x88, 0x20, 0x00, {0x01, 0x00, 0x00, 0x00} },
  { 0x0A, "RodofRuin", {0}, 0x00D0, 0x0000, 0x40, 0xFF, 0x01, { 0x00, 0x04, 0x00 }, 0, 0, 0x00, 0x00, card_rod_of_ruin, 0x00000000, 0x00000001, 0xFF, 0xF8, 0x01, 0x00, {0x02, 0x00, 0x00, 0x00} },
  { 0x05, "Sol Ring", {0}, 0x00E6, 0x0000, 0x40, 0xFF, 0x01, { 0x00, 0x01, 0x00 }, 0, 0, 0x00, 0x00, card_sol_ring, 0x00000000, 0x00001100, 0xFF, 0xF1, 0x02, 0x00, {0x02, 0x00, 0x00, 0x00} },
  { 0x05, "Soul Net", {0}, 0x00E7, 0x0000, 0x40, 0xFF, 0x01, { 0x00, 0x01, 0x00 }, 0, 0, 0x00, 0x00, card_soul_net, 0x00000000, 0x00000000, 0xFF, 0x01, 0x01, 0x00, {0x01, 0x00, 0x00, 0x00} },
  { 0x0A, "ThroneofBone", {0}, 0x00F6, 0x0000, 0x40, 0xFF, 0x01, { 0x00, 0x01, 0x00 }, 0, 0, 0x00, 0x00, card_throne_of_bone, 0x00000000, 0x00000000, 0xFF, 0xF1, 0x01, 0x00, {0x01, 0x00, 0x00, 0x00} },
  { 0x0A, "WoodenSphere", {0}, 0x0120, 0x0000, 0x40, 0xFF, 0x01, { 0x00, 0x01, 0x00 }, 0, 0, 0x00, 0x00, card_wooden_sphere, 0x00000000, 0x00000000, 0xFF, 0xF1, 0x01, 0x00, {0x01, 0x00, 0x00, 0x00} },
  { 0x0A, "Winter Orb", {0}, 0x011F, 0x0000, 0x40, 0xFF, 0x01, { 0x00, 0x02, 0x00 }, 0, 0, 0x00, 0x00, card_winter_orb, 0x00000000, 0x00000000, 0xFF, 0x08, 0x01, 0x00, {0xFF, 0xFF, 0xFF, 0xFF} },
  { 0x0A, "FlyingCarpet", {0}, 0x01A3, 0x0000, 0x40, 0xFF, 0x01, { 0x00, 0x04, 0x00 }, 0, 0, 0x00, 0x00, card_flying_carpet, 0x00000000, 0x00000001, 0xFF, 0x31, 0x01, 0x00, {0} },
  { 0x0A, "HelmofChatz", {0}, 0x006D, 0x0000, 0x40, 0xFF, 0x01, { 0x00, 0x01, 0x00 }, 0, 0, 0x00, 0x00, card_helm_of_chatzuk, 0x00000000, 0x00000001, 0xFF, 0x31, 0x01, 0x00, {0x02, 0x00, 0x00, 0x00} },
  { 0x0A, "HowlingMine", {0}, 0x0072, 0x0000, 0x40, 0xFF, 0x01, { 0x00, 0x02, 0x00 }, 0, 0, 0x00, 0x00, card_howling_mine, 0x00000000, 0x00000000, 0xFF, 0x08, 0x01, 0x00, {0xFE, 0xFF, 0xFF, 0xFF} },
  { 0x0A, "Mightstone", {0}, 0x01FA, 0x0000, 0x40, 0xFF, 0x01, { 0x00, 0x04, 0x00 }, 0, 0, 0x00, 0x00, card_mightstone, 0x00000000, 0x00000000, 0xFF, 0x01, 0x20, 0x00, {0x01, 0x00, 0x00, 0x00} },
  { 0x0A, "SunglassUrza", {0}, 0x00EE, 0x0000, 0x40, 0xFF, 0x01, { 0x00, 0x03, 0x00 }, 0, 0, 0x00, 0x00, card_sunglasses_of_urza, 0x00000000, 0x00000000, 0x03, 0x01, 0x01, 0x00, {0} },
  { 0x0A, "Brass Man", {0}, 0x03A2, 0x0000, 0x42, 0xFF, 0x01, { 0x00, 0x01, 0x00 }, 1, 3, 0x00, 0x00, card_brass_man, 0x00000000, 0x00000000, 0xFF, 0x08, 0x01, 0x00, {0x01, 0x00, 0x00, 0x00} },
  { 0x0A, "D.Scimitar", {0}, 0x03A3, 0x0000, 0x42, 0xFF, 0x01, { 0x00, 0x04, 0x00 }, 1, 5, 0x00, 0x00, card_dummy, 0x00000020, 0x00000000, 0xFF, 0x08, 0x01, 0x00, {0x02, 0x00, 0x00, 0x00} },
  { 0x0A, "DragonEngine", {0}, 0x01EC, 0x0000, 0x42, 0xFF, 0x01, { 0x00, 0x03, 0x00 }, 1, 3, 0x00, 0x00, card_dragon_engine, 0x00000000, 0x00000009, 0xFF, 0x48, 0x01, 0x00, {0x01, 0x00, 0x00, 0x00} },
  { 0x0A, "ClockworkBst", {0}, 0x0026, 0x0000, 0x42, 0xFF, 0x01, { 0x00, 0x06, 0x00 }, 0, 4, 0x00, 0x00, card_clockwork_beast, 0x00000000, 0x00020021, 0xFF, 0x18, 0x01, 0x00, {0x01, 0x00, 0x00, 0x00} },
  { 0x0A, "Living Wall", {0}, 0x0094, 0x0000, 0x42, 0x00, 0x01, { 0x00, 0x04, 0x00 }, 0, 6, 0x00, 0x00, card_living_wall, 0x00000200, 0x00000001, 0xFF, 0xF8, 0x02, 0x00, {0x03, 0x00, 0x00, 0x00} },
  { 0x0A, "ObsianusGolm", {0}, 0x00B0, 0x0000, 0x42, 0xFF, 0x01, { 0x00, 0x06, 0x00 }, 4, 6, 0x00, 0x00, card_dummy, 0x00000000, 0x00000000, 0xFF, 0x08, 0x01, 0x00, {0x01, 0x00, 0x00, 0x00} },
  { 0x0A, "Ornithopter", {0}, 0x0202, 0x0000, 0x42, 0xFF, 0x01, { 0x00, 0x00, 0x00 }, 0, 2, 0x00, 0x00, card_dummy, 0x00000020, 0x00000000, 0xFF, 0x08, 0x01, 0x00, {0} },
  { 0x04, "Disenchant", {0}, 0x0040, 0x0000, 0x10, 0xFF, 0x20, { 0x01, 0x01, 0x00 }, 0, 0, 0x00, 0x00, card_disenchant, 0x00000000, 0x00000000, 0xFF, 0x0F, 0x01, 0x00, {0x03, 0x00, 0x00, 0x00} },
  { 0x00, "Guard.Angel", {0}, 0x006B, 0x0000, 0x10, 0xFF, 0x20, { 0x01, 0xFF, 0x00 }, 0, 0, 0x00, 0x00, card_guardian_angel, 0x00000000, 0x00000005, 0xFF, 0xFF, 0x02, 0x00, {0x01, 0x00, 0x00, 0x00} },
  { 0x0B, "Death Ward", {0}, 0x0039, 0x0000, 0x10, 0xFF, 0x20, { 0x01, 0x00, 0x00 }, 0, 0, 0x00, 0x00, card_death_ward, 0x00000000, 0x00000004, 0xFF, 0x0F, 0x01, 0x00, {0} },
  { 0x04, "Righteousnss", {0}, 0x00CD, 0x0000, 0x10, 0xFF, 0x20, { 0x01, 0x00, 0x00 }, 0, 0, 0x00, 0x00, card_righteousness, 0x00000000, 0x00000000, 0xFF, 0x0F, 0x01, 0x00, {0} },
  { 0x0A, "SwordToPlow", {0}, 0x00F0, 0x0000, 0x10, 0xFF, 0x20, { 0x01, 0x00, 0x00 }, 0, 0, 0x00, 0x00, card_swords_to_plowshares, 0x00000000, 0x00000000, 0xFF, 0x0F, 0x01, 0x00, {0x02, 0x00, 0x00, 0x00} },
  { 0x0B, "HealingSalve", {0}, 0x006C, 0x0000, 0x10, 0xFF, 0x20, { 0x01, 0x00, 0x00 }, 0, 0, 0x00, 0x00, card_healing_salve, 0x00000000, 0x00000204, 0xFF, 0x0F, 0x01, 0x00, {0x03, 0x00, 0x00, 0x00} },
  { 0x0B, "AlabasterPot", {0}, 0x0230, 0x0000, 0x10, 0xFF, 0x20, { 0x02, 0xFF, 0x00 }, 0, 0, 0x00, 0x00, card_alabaster_potion, 0x00000000, 0x00000004, 0xFF, 0x0F, 0x01, 0x00, {0x01, 0x00, 0x00, 0x00} },
  { 0x05, "PsionicBlast", {0}, 0x00C2, 0x0000, 0x10, 0xFF, 0x04, { 0x01, 0x02, 0x00 }, 0, 0, 0x00, 0x00, card_psionic_blast, 0x00000000, 0x00000280, 0xFF, 0x0F, 0x02, 0x00, {0} },
  { 0x00, "Hurkyl's Rcl", {0}, 0x01F6, 0x0000, 0x10, 0xFF, 0x04, { 0x01, 0x01, 0x00 }, 0, 0, 0x00, 0x00, card_hurkyl_s_recall, 0x00000000, 0x00000000, 0xFF, 0x0F, 0x01, 0x00, {0xFE, 0xFF, 0xFF, 0xFF} },
  { 0x05, "Jump", {0}, 0x0085, 0x0000, 0x10, 0xFF, 0x04, { 0x01, 0x00, 0x00 }, 0, 0, 0x00, 0x00, card_jump, 0x00000000, 0x00000000, 0xFF, 0x03, 0x01, 0x00, {0} },
  { 0x0A, "Unsummon", {0}, 0x0104, 0x0000, 0x10, 0xFF, 0x04, { 0x01, 0x00, 0x00 }, 0, 0, 0x00, 0x00, card_unsummon, 0x00000000, 0x00000000, 0xFF, 0x0F, 0x01, 0x00, {0x01, 0x00, 0x00, 0x00} },
  { 0x0A, "AncestralRcl", {0}, 0x0001, 0x0000, 0x10, 0xFF, 0x04, { 0x01, 0x00, 0x00 }, 0, 0, 0x00, 0x00, card_ancestral_recall, 0x00000000, 0x00000180, 0xFF, 0x0F, 0x02, 0x00, {0x03, 0x00, 0x00, 0x00} },
  { 0x0A, "Mana Short", {0}, 0x009C, 0x0000, 0x10, 0xFF, 0x04, { 0x01, 0x02, 0x00 }, 0, 0, 0x00, 0x00, card_mana_short, 0x00000000, 0x00000000, 0xFF, 0x0F, 0x01, 0x00, {0xFF, 0xFF, 0xFF, 0xFF} },
  { 0x0B, "Howl/Beyond", {0}, 0x0071, 0x0000, 0x10, 0xFF, 0x02, { 0x01, 0xFF, 0x00 }, 0, 0, 0x00, 0x00, card_howl_from_beyond, 0x00000000, 0x00000000, 0xFF, 0x05, 0x01, 0x00, {0x03, 0x00, 0x00, 0x00} },
  { 0x03, "Terror", {0}, 0x00F2, 0x0000, 0x10, 0xFF, 0x02, { 0x01, 0x01, 0x00 }, 0, 0, 0x00, 0x00, card_terror, 0x00000000, 0x00000000, 0xFF, 0x0F, 0x01, 0x00, {0x03, 0x00, 0x00, 0x00} },
  { 0x0B, "Shatter", {0}, 0x00DF, 0x0000, 0x10, 0xFF, 0x10, { 0x01, 0x01, 0x00 }, 0, 0, 0x00, 0x00, card_shatter, 0x00000000, 0x00000000, 0xFF, 0x0F, 0x01, 0x00, {0x01, 0x00, 0x00, 0x00} },
  { 0x02, "Tunnel", {0}, 0x00FF, 0x0000, 0x10, 0xFF, 0x10, { 0x01, 0x00, 0x00 }, 0, 0, 0x00, 0x00, card_tunnel, 0x00000000, 0x00000000, 0xFF, 0x01, 0x01, 0x00, {0xFF, 0xFF, 0xFF, 0xFF} },
  { 0x0B, "Lightning", {0}, 0x0091, 0x0000, 0x10, 0xFF, 0x10, { 0x01, 0x00, 0x00 }, 0, 0, 0x00, 0x00, card_lightning_bolt, 0x00000000, 0x00000200, 0xFF, 0x0F, 0x01, 0x00, {0x03, 0x00, 0x00, 0x00} },
  { 0x0B, "Inferno", {0}, 0x0151, 0x0000, 0x10, 0xFF, 0x10, { 0x02, 0x05, 0x00 }, 0, 0, 0x00, 0x00, card_inferno, 0x00000000, 0x00000000, 0xFF, 0x0F, 0x01, 0x00, {0x01, 0x00, 0x00, 0x00} },
  { 0x09, "Berserk", {0}, 0x000E, 0x0000, 0x10, 0xFF, 0x08, { 0x01, 0x00, 0x00 }, 0, 0, 0x00, 0x00, card_berserk, 0x00000000, 0x00000100, 0xFF, 0x04, 0x02, 0x00, {0x03, 0x00, 0x00, 0x00} },
  { 0x01, "Giant Growth", {0}, 0x0061, 0x0000, 0x10, 0xFF, 0x08, { 0x01, 0x00, 0x00 }, 0, 0, 0x00, 0x00, card_giant_growth, 0x00000000, 0x00000200, 0xFF, 0x04, 0x01, 0x00, {0x03, 0x00, 0x00, 0x00} },
  { 0x01, "Simulacrum", {0}, 0x00E1, 0x0000, 0x10, 0xFF, 0x02, { 0x01, 0x01, 0x00 }, 0, 0, 0x00, 0x00, card_simulacrum, 0x00000000, 0x00000004, 0xFF, 0x0F, 0x01, 0x00, {0x01, 0x00, 0x00, 0x00} },
  { 0x04, "Purelace", {0}, 0x00C4, 0x0000, 0x20, 0xFF, 0x20, { 0x01, 0x00, 0x00 }, 0, 0, 0x00, 0x00, card_purelace, 0x00000000, 0x00000000, 0xFF, 0x0F, 0x01, 0x00, {0xFE, 0xFF, 0xFF, 0xFF} },
  { 0x00, "RagingRiver", {0}, 0x00C5, 0x0000, 0x04, 0xFF, 0x10, { 0x02, 0x00, 0x00 }, 0, 0, 0x00, 0x00, card_raging_river, 0x00000000, 0x02080000, 0xFF, 0x01, 0x02, 0x00, {0x03, 0x00, 0x00, 0x00} },
  { 0x05, "BlueBlast", {0}, 0x0016, 0x0000, 0x20, 0xFF, 0x04, { 0x01, 0x00, 0x00 }, 0, 0, 0x00, 0x00, card_blue_elemental_blast, 0x00000000, 0x00002000, 0xFF, 0x0F, 0x01, 0x00, {0} },
  { 0x0B, "Counterspell", {0}, 0x0030, 0x0000, 0x20, 0xFF, 0x04, { 0x02, 0x00, 0x00 }, 0, 0, 0x00, 0x00, card_counterspell, 0x00000000, 0x00002200, 0xFF, 0x0F, 0x01, 0x00, {0x01, 0x00, 0x00, 0x00} },
  { 0x0B, "Spell Blast", {0}, 0x00E8, 0x0000, 0x20, 0xFF, 0x04, { 0x01, 0xFF, 0x00 }, 0, 0, 0x00, 0x00, card_spell_blast, 0x00000000, 0x00002000, 0xFF, 0x0F, 0x01, 0x00, {0x03, 0x00, 0x00, 0x00} },
  { 0x03, "Deathlace", {0}, 0x003B, 0x0000, 0x20, 0xFF, 0x02, { 0x01, 0x00, 0x00 }, 0, 0, 0x00, 0x00, card_purelace, 0x00000000, 0x00002000, 0xFF, 0x0F, 0x01, 0x00, {0xFE, 0xFF, 0xFF, 0xFF} },
  { 0x02, "Sacrifice", {0}, 0x00D2, 0x0000, 0x20, 0xFF, 0x02, { 0x01, 0x00, 0x00 }, 0, 0, 0x00, 0x00, card_sacrifice, 0x00000000, 0x00001000, 0xFF, 0x0F, 0x02, 0x00, {0x01, 0x00, 0x00, 0x00} },
  { 0x02, "Dark Ritual", {0}, 0x0037, 0x0000, 0x20, 0xFF, 0x02, { 0x01, 0x00, 0x00 }, 0, 0, 0x00, 0x00, card_dark_ritual, 0x00000000, 0x00001200, 0xFF, 0x0F, 0x01, 0x00, {0x02, 0x00, 0x00, 0x00} },
  { 0x05, "Chaoslace", {0}, 0x0020, 0x0000, 0x20, 0xFF, 0x10, { 0x01, 0x00, 0x00 }, 0, 0, 0x00, 0x00, card_purelace, 0x00000000, 0x00002000, 0xFF, 0x0F, 0x01, 0x00, {0xFE, 0xFF, 0xFF, 0xFF} },
  { 0x05, "RedBlast", {0}, 0x00C7, 0x0000, 0x20, 0xFF, 0x10, { 0x01, 0x00, 0x00 }, 0, 0, 0x00, 0x00, card_red_elemental_blast, 0x00000000, 0x00002000, 0xFF, 0x0F, 0x01, 0x00, {0} },
  { 0x08, "Lifelace", {0}, 0x008F, 0x0000, 0x20, 0xFF, 0x08, { 0x01, 0x00, 0x00 }, 0, 0, 0x00, 0x00, card_purelace, 0x00000000, 0x00002000, 0xFF, 0x0F, 0x01, 0x00, {0xFE, 0xFF, 0xFF, 0xFF} },
  { 0x0A, "Thoughtlace", {0}, 0x00F5, 0x0000, 0x20, 0xFF, 0x04, { 0x01, 0x00, 0x00 }, 0, 0, 0x00, 0x00, card_purelace, 0x00000000, 0x00002000, 0xFF, 0x0F, 0x01, 0x00, {0xFE, 0xFF, 0xFF, 0xFF} },
  { 0xEC, "Mox Emerald", {0}, 0x00A5, 0x0000, 0x40, 0xFF, 0x08, { 0x00, 0x00, 0x00 }, 0, 0, 0x00, 0x00, card_mox_emerald, 0x00000000, 0x00001180, 0xFF, 0xF1, 0x02, 0x00, {0x03, 0x00, 0x00, 0x00} },
  { 0xEC, "Mox Jet", {0}, 0x00A6, 0x0000, 0x40, 0xFF, 0x02, { 0x00, 0x00, 0x00 }, 0, 0, 0x00, 0x00, card_mox_jet, 0x00000000, 0x00001180, 0xFF, 0xF1, 0x02, 0x00, {0x03, 0x00, 0x00, 0x00} },
  { 0xEC, "Mox Pearl", {0}, 0x00A7, 0x0000, 0x40, 0xFF, 0x20, { 0x00, 0x00, 0x00 }, 0, 0, 0x00, 0x00, card_mox_pearl, 0x00000000, 0x00001180, 0xFF, 0xF1, 0x02, 0x00, {0x03, 0x00, 0x00, 0x00} },
  { 0xEC, "Mox Ruby", {0}, 0x00A8, 0x0000, 0x40, 0xFF, 0x10, { 0x00, 0x00, 0x00 }, 0, 0, 0x00, 0x00, card_mox_ruby, 0x00000000, 0x00001180, 0xFF, 0xF1, 0x02, 0x00, {0x03, 0x00, 0x00, 0x00} },
  { 0xEC, "Mox Sapphire", {0}, 0x00A9, 0x0000, 0x40, 0xFF, 0x04, { 0x00, 0x00, 0x00 }, 0, 0, 0x00, 0x00, card_mox_sapphire, 0x00000000, 0x00001180, 0xFF, 0xF1, 0x02, 0x00, {0x03, 0x00, 0x00, 0x00} },
  { 0xEF, "Black Lotus", {0}, 0x0011, 0x0000, 0x40, 0xFF, 0x3E, { 0x00, 0x00, 0x00 }, 0, 0, 0x00, 0x00, card_black_lotus, 0x00000000, 0x00001180, 0xFF, 0xF1, 0x02, 0x00, {0x03, 0x00, 0x00, 0x00} },
  { 0xE3, "AladdinsRing", {0}, 0x018C, 0x0000, 0x40, 0xFF, 0x01, { 0x00, 0x08, 0x00 }, 0, 0, 0x00, 0x00, card_aladdin_s_ring, 0x00000000, 0x00000001, 0xFF, 0x11, 0x01, 0x00, {0xFF, 0xFF, 0xFF, 0xFF} },
  { 0xE3, "Celest.Prism", {0}, 0x001D, 0x0000, 0x40, 0xFF, 0x3E, { 0x00, 0x03, 0x00 }, 0, 0, 0x00, 0x00, card_celestial_prism, 0x00000000, 0x00011001, 0xFF, 0xF1, 0x01, 0x00, {0} },
  { 0xE9, "CopperTablet", {0}, 0x002E, 0x0000, 0x40, 0xFF, 0x01, { 0x00, 0x02, 0x00 }, 0, 0, 0x00, 0x00, card_copper_tablet, 0x00000000, 0x000000C1, 0xFF, 0xF1, 0x02, 0x00, {0} },
  { 0xFE, "DisruptScept", {0}, 0x0042, 0x0000, 0x40, 0xFF, 0x01, { 0x00, 0x03, 0x00 }, 0, 0, 0x00, 0x00, card_disrupting_scepter, 0x00000000, 0x00000041, 0xFF, 0x11, 0x01, 0x00, {0x01, 0x00, 0x00, 0x00} },
  { 0xE7, "IcyManipultr", {0}, 0x0077, 0x0000, 0x40, 0xFF, 0x01, { 0x00, 0x04, 0x00 }, 0, 0, 0x00, 0x00, card_icy_manipulator, 0x00000000, 0x00000201, 0xFF, 0xF1, 0x02, 0x00, {0x03, 0x00, 0x00, 0x00} },
  { 0xEB, "Consecrate", {0}, 0x0029, 0x0000, 0x04, 0xFF, 0x20, { 0x01, 0x00, 0x00 }, 0, 0, 0x00, 0x00, card_consecrate_land, 0x00000000, 0x00000000, 0xFF, 0x01, 0x02, 0x00, {0x02, 0x00, 0x00, 0x00} },
  { 0xF6, "Lance", {0}, 0x008A, 0x0000, 0x04, 0xFF, 0x20, { 0x01, 0x00, 0x00 }, 0, 0, 0x00, 0x00, card_lance, 0x00000000, 0x00000000, 0xFF, 0x01, 0x02, 0x00, {0x02, 0x00, 0x00, 0x00} },
  { 0xE3, "ReverseDamge", {0}, 0x00CC, 0x0000, 0x10, 0xFF, 0x20, { 0x02, 0x01, 0x00 }, 0, 0, 0x00, 0x00, card_reverse_damage, 0x00000000, 0x00000004, 0xFF, 0x0F, 0x01, 0x00, {0x02, 0x00, 0x00, 0x00} },
  { 0xFF, "JandorsRing", {0}, 0x01AD, 0x0000, 0x40, 0xFF, 0x01, { 0x00, 0x06, 0x00 }, 0, 0, 0x00, 0x00, card_jandor_s_ring, 0x00000000, 0x00000001, 0xFF, 0xFF, 0x04, 0x00, {0x01, 0x00, 0x00, 0x00} },
  { 0xFF, "Jeweled Bird", {0}, 0x01AF, 0x0000, 0x40, 0xFF, 0x01, { 0x00, 0x01, 0x00 }, 0, 0, 0x00, 0x00, card_jeweled_bird, 0x00000000, 0x00000001, 0xFF, 0xFF, 0x04, 0x00, {0x02, 0x00, 0x00, 0x00} },
  { 0xFF, "Jade Statue", {0}, 0x0082, 0x0000, 0x40, 0xFF, 0x01, { 0x00, 0x04, 0x00 }, 3, 6, 0x00, 0x00, card_jade_statue, 0x00000000, 0x00C00000, 0xFF, 0x0F, 0x02, 0x00, {0x02, 0x00, 0x00, 0x00} },
  { 0xFF, "RingOfMaruf", {0}, 0x01C3, 0x0000, 0x40, 0xFF, 0x01, { 0x00, 0x05, 0x00 }, 0, 0, 0x00, 0x00, card_ring_of_ma_r_f, 0x00000000, 0x00000001, 0xFF, 0xFF, 0x04, 0x00, {0x03, 0x00, 0x00, 0x00} },
  { 0x00, "ErhnamDjn", {0}, 0x01A0, 0x0000, 0x02, 0x06, 0x08, { 0x01, 0x03, 0x00 }, 4, 5, 0x00, 0x00, card_erhnam_djinn, 0x00000000, 0x00000001, 0xFF, 0x18, 0x04, 0x00, {0x02, 0x00, 0x00, 0x00} },
  { 0xF5, "CityofBrass", {0}, 0x0193, 0x0000, 0x01, 0xFF, 0x01, { 0x00, 0x00, 0x00 }, 0, 0, 0x00, 0x00, card_city_of_brass, 0x00000000, 0x00001600, 0xFF, 0xF1, 0x08, 0x00, {0x01, 0x00, 0x00, 0x00} },
  { 0xF7, "Desert", {0}, 0x0197, 0x0000, 0x01, 0xFF, 0x01, { 0x00, 0x00, 0x00 }, 0, 0, 0x00, 0x00, card_desert, 0x00000000, 0x00001401, 0xFF, 0xF1, 0x04, 0x00, {0x01, 0x00, 0x00, 0x00} },
  { 0xFB, "ArmyofAllah", {0}, 0x018D, 0x0000, 0x10, 0xFF, 0x20, { 0x02, 0x01, 0x00 }, 0, 0, 0x00, 0x00, card_army_of_allah, 0x00000000, 0x00000400, 0xFF, 0x04, 0x04, 0x00, {0x03, 0x00, 0x00, 0x00} },
  { 0xFE, "Jihad", {0}, 0x01B0, 0x0000, 0x04, 0xFF, 0x20, { 0x03, 0x00, 0x00 }, 0, 0, 0x00, 0x00, card_jihad, 0x00000000, 0x00000400, 0xFF, 0x01, 0x04, 0x00, {0x03, 0x00, 0x00, 0x00} },
  { 0xF3, "KingSuleiman", {0}, 0x01B4, 0x0000, 0x02, 0xFF, 0x20, { 0x01, 0x01, 0x00 }, 1, 1, 0x00, 0x00, card_king_suleiman, 0x00000000, 0x00000C01, 0xFF, 0x18, 0x04, 0x00, {0x02, 0x00, 0x00, 0x00} },
  { 0xF0, "Moorish Cav.", {0}, 0x01BB, 0x0000, 0x02, 0xFF, 0x20, { 0x02, 0x02, 0x00 }, 3, 3, 0x00, 0x00, card_dummy, 0x00000080, 0x00000400, 0xFF, 0x08, 0x04, 0x00, {0x02, 0x00, 0x00, 0x00} },
  { 0xEB, "Piety", {0}, 0x01C0, 0x0000, 0x10, 0xFF, 0x20, { 0x01, 0x02, 0x00 }, 0, 0, 0x00, 0x00, card_piety, 0x00000000, 0x00000400, 0xFF, 0x04, 0x01, 0x00, {0xFF, 0xFF, 0xFF, 0xFF} },
  { 0xE3, "Pyramids", {0}, 0x01C1, 0x0000, 0x40, 0xFF, 0x01, { 0x00, 0x06, 0x00 }, 0, 0, 0x00, 0x00, card_pyramids, 0x00000000, 0x00000001, 0xFF, 0xF8, 0x04, 0x00, {0x01, 0x00, 0x00, 0x00} },
  { 0xFE, "Blacksmith", {0}, 0x01C2, 0x0000, 0x02, 0xFF, 0x20, { 0x01, 0x01, 0x00 }, 1, 2, 0x00, 0x00, card_repentant_blacksmith, 0x00000000, 0x00000400, 0xFF, 0x08, 0x08, 0x00, {0x01, 0x00, 0x00, 0x00} },
  { 0xF9, "WarElephant", {0}, 0x01CF, 0x0000, 0x02, 0x0A, 0x20, { 0x01, 0x03, 0x00 }, 2, 2, 0x00, 0x00, card_dummy, 0x000000C0, 0x00000400, 0xFF, 0x08, 0x08, 0x00, {0x01, 0x00, 0x00, 0x00} },
  { 0xEA, "Dandan", {0}, 0x0196, 0x0000, 0x02, 0xFF, 0x04, { 0x02, 0x00, 0x00 }, 4, 1, 0x00, 0x00, card_sea_serpent, 0x00000000, 0x00000400, 0xFF, 0x08, 0x08, 0x00, {0x01, 0x00, 0x00, 0x00} },
  { 0x00, "FishliverOil", {0}, 0x01A2, 0x0000, 0x04, 0xFF, 0x04, { 0x01, 0x01, 0x00 }, 0, 0, 0x00, 0x00, card_fishliver_oil, 0x00000000, 0x00000400, 0xFF, 0x03, 0x08, 0x00, {0} },
  { 0xF1, "FlyingMen", {0}, 0x01A4, 0x0000, 0x02, 0xFF, 0x04, { 0x01, 0x00, 0x00 }, 1, 1, 0x00, 0x00, card_dummy, 0x00000020, 0x00000400, 0xFF, 0x08, 0x04, 0x00, {0} },
  { 0xFA, "MerchantShip", {0}, 0x01B8, 0x0000, 0x02, 0xFF, 0x04, { 0x01, 0x00, 0x00 }, 0, 2, 0x00, 0x00, card_merchant_ship, 0x00000000, 0x00000400, 0xFF, 0x08, 0x04, 0x00, {0x02, 0x00, 0x00, 0x00} },
  { 0x03, "SerendibDjn.", {0}, 0x01C7, 0x0000, 0x02, 0x06, 0x04, { 0x02, 0x02, 0x00 }, 5, 6, 0x00, 0x00, card_serendib_djinn, 0x00000020, 0x00000C00, 0xFF, 0x08, 0x04, 0x00, {0x02, 0x00, 0x00, 0x00} },
  { 0x03, "SerendibEfr.", {0}, 0x01C8, 0x0000, 0x02, 0x05, 0x04, { 0x01, 0x02, 0x00 }, 3, 4, 0x00, 0x00, card_serendib_efreet, 0x00000020, 0x00000C01, 0xFF, 0x18, 0x04, 0x00, {0x02, 0x00, 0x00, 0x00} },
  { 0xE8, "El-Hajjaj", {0}, 0x019D, 0x0000, 0x02, 0xFF, 0x02, { 0x02, 0x01, 0x00 }, 1, 1, 0x00, 0x00, card_el_hajjaj, 0x00000000, 0x00000400, 0xFF, 0x08, 0x01, 0x00, {0xFF, 0xFF, 0xFF, 0xFF} },
  { 0xE5, "HasranOgress", {0}, 0x01A8, 0x0000, 0x02, 0xFF, 0x02, { 0x02, 0x00, 0x00 }, 3, 2, 0x00, 0x00, card_hasran_ogress, 0x00000000, 0x00000400, 0xFF, 0x08, 0x08, 0x00, {0xFE, 0xFF, 0xFF, 0xFF} },
  { 0xFD, "Junun Efreet", {0}, 0x01B1, 0x0000, 0x02, 0x05, 0x02, { 0x02, 0x01, 0x00 }, 3, 3, 0x00, 0x00, card_junun_efreet, 0x00000020, 0x00000C00, 0xFF, 0x08, 0x01, 0x00, {0x02, 0x00, 0x00, 0x00} },
  { 0xFD, "Juzam Djinn", {0}, 0x01B2, 0x0000, 0x02, 0x06, 0x02, { 0x02, 0x02, 0x00 }, 5, 5, 0x00, 0x00, card_serendib_efreet, 0x00000000, 0x00000C01, 0xFF, 0x18, 0x04, 0x00, {0x02, 0x00, 0x00, 0x00} },
  { 0xE8, "Khabal Ghoul", {0}, 0x01B3, 0x0000, 0x02, 0xFF, 0x02, { 0x01, 0x02, 0x00 }, 1, 1, 0x00, 0x00, card_khabal_ghoul, 0x00000000, 0x00000420, 0xFF, 0x08, 0x04, 0x00, {0x03, 0x00, 0x00, 0x00} },
  { 0xE5, "Stone Devils", {0}, 0x01CD, 0x0000, 0x02, 0xFF, 0x02, { 0x01, 0x00, 0x00 }, 1, 1, 0x00, 0x00, card_dummy, 0x00000100, 0x00000400, 0xFF, 0x08, 0x04, 0x00, {0} },
  { 0xFF, "Ali Baba", {0}, 0x018A, 0x0000, 0x02, 0xFF, 0x10, { 0x01, 0x00, 0x00 }, 1, 1, 0x00, 0x00, card_ali_baba, 0x00000000, 0x00000401, 0xFF, 0x18, 0x01, 0x00, {0} },
  { 0xF3, "AliFromCairo", {0}, 0x018B, 0x0000, 0x02, 0xFF, 0x10, { 0x02, 0x02, 0x00 }, 0, 1, 0x00, 0x00, card_ali_from_cairo, 0x00000000, 0x00000580, 0xFF, 0x08, 0x04, 0x00, {0x03, 0x00, 0x00, 0x00} },
  { 0xF1, "Bird Maiden", {0}, 0x018F, 0x0000, 0x02, 0xFF, 0x10, { 0x01, 0x02, 0x00 }, 1, 2, 0x00, 0x00, card_dummy, 0x00000020, 0x00000400, 0xFF, 0x08, 0x01, 0x00, {0x01, 0x00, 0x00, 0x00} },
  { 0xFD, "Mijae Djinn", {0}, 0x01BA, 0x0000, 0x02, 0x06, 0x10, { 0x03, 0x00, 0x00 }, 6, 3, 0x00, 0x00, card_mijae_djinn, 0x00000000, 0x00000C00, 0xFF, 0x08, 0x04, 0x00, {0x01, 0x00, 0x00, 0x00} },
  { 0xE6, "Ghazban Ogre", {0}, 0x01A5, 0x0000, 0x02, 0xFF, 0x08, { 0x01, 0x00, 0x00 }, 2, 2, 0x00, 0x00, card_ghazban_ogre, 0x00000000, 0x00000401, 0xFF, 0x18, 0x08, 0x00, {0xFF, 0xFF, 0xFF, 0xFF} },
  { 0xF7, "Sandstorm", {0}, 0x01C6, 0x0000, 0x10, 0xFF, 0x08, { 0x01, 0x00, 0x00 }, 0, 0, 0x00, 0x00, card_sandstorm, 0x00000000, 0x00000400, 0xFF, 0x02, 0x01, 0x00, {0x01, 0x00, 0x00, 0x00} },
  { 0xE3, "SandalsAbdal", {0}, 0x01C5, 0x0000, 0x40, 0xFF, 0x01, { 0x00, 0x04, 0x00 }, 0, 0, 0x00, 0x00, card_sandals_of_abdallah, 0x00000000, 0x00000401, 0xFF, 0x31, 0x04, 0x00, {0x02, 0x00, 0x00, 0x00} },
  { 0x02, "Plague Rats", {0}, 0x00BB, 0x0000, 0x02, 0x07, 0x02, { 0x01, 0x02, 0x00 }, 16384, 16384, 0x00, 0x00, card_plague_rats, 0x00000000, 0x00000000, 0xFF, 0x01, 0x01, 0x00, {0xFF, 0xFF, 0xFF, 0xFF} },
  { 0x00, "CuombajWitch", {0}, 0x0194, 0x0000, 0x02, 0xFF, 0x02, { 0x02, 0x00, 0x00 }, 1, 3, 0x00, 0x00, card_cuombajj_witches, 0x00000000, 0x00000001, 0xFF, 0xF8, 0x08, 0x00, {0} },
  { 0x09, "BlackKnight", {0}, 0x0010, 0x0000, 0x02, 0xFF, 0x02, { 0x02, 0x00, 0x00 }, 2, 2, 0x00, 0x00, card_black_knight, 0x00000100, 0x00000000, 0xFF, 0x08, 0x01, 0x00, {0x01, 0x00, 0x00, 0x00} },
  { 0xF9, "Camel", {0}, 0x0191, 0x0000, 0x02, 0xFF, 0x20, { 0x01, 0x00, 0x00 }, 0, 1, 0x00, 0x00, card_camel, 0x00000040, 0x00000400, 0xFF, 0x08, 0x04, 0x00, {0xFE, 0xFF, 0xFF, 0xFF} },
  { 0xE4, "Juggernaut", {0}, 0x0084, 0x0000, 0x42, 0xFF, 0x01, { 0x00, 0x04, 0x00 }, 5, 3, 0x00, 0x00, card_juggernaut, 0x00000000, 0x01000000, 0xFF, 0x08, 0x02, 0x00, {0x01, 0x00, 0x00, 0x00} },
  { 0xEA, "Naf's Asp", {0}, 0x01BC, 0x0000, 0x02, 0xFF, 0x08, { 0x01, 0x00, 0x00 }, 1, 1, 0x00, 0x00, card_nafs_asp, 0x00000000, 0x00000020, 0xFF, 0x08, 0x01, 0x00, {0x01, 0x00, 0x00, 0x00} },
  { 0xE6, "Wyluli Wolf", {0}, 0x01D0, 0x0000, 0x02, 0xFF, 0x08, { 0x01, 0x01, 0x00 }, 1, 1, 0x00, 0x00, card_wyluli_wolf, 0x00000000, 0x00000001, 0xFF, 0x28, 0x04, 0x00, {0x01, 0x00, 0x00, 0x00} },
  { 0xE6, "Hurr Jackal", {0}, 0x01A9, 0x0000, 0x02, 0xFF, 0x10, { 0x01, 0x00, 0x00 }, 1, 1, 0x00, 0x00, card_hurr_jackal, 0x00000000, 0x00000001, 0xFF, 0xF8, 0x01, 0x00, {0x01, 0x00, 0x00, 0x00} },
  { 0xE6, "Invisibility", {0}, 0x007A, 0x0000, 0x04, 0xFF, 0x04, { 0x02, 0x00, 0x00 }, 0, 0, 0x00, 0x00, card_invisibility, 0x00000000, 0x00000000, 0xFF, 0x01, 0x02, 0x00, {0x01, 0x00, 0x00, 0x00} },
  { 0xE6, "Fear", {0}, 0x0051, 0x0000, 0x04, 0xFF, 0x02, { 0x02, 0x00, 0x00 }, 0, 0, 0x00, 0x00, card_fear, 0x00000000, 0x00000000, 0xFF, 0x01, 0x01, 0x00, {0x02, 0x00, 0x00, 0x00} },
  { 0xE6, "DwarvenDTeam", {0}, 0x0047, 0x0000, 0x02, 0x04, 0x10, { 0x01, 0x02, 0x00 }, 1, 1, 0x00, 0x00, card_dwarven_demolition_team, 0x00000000, 0x00000001, 0xFF, 0x18, 0x02, 0x00, {0} },
  { 0xE6, "DwrvnWarrior", {0}, 0x0048, 0x0000, 0x02, 0x04, 0x10, { 0x01, 0x02, 0x00 }, 1, 1, 0x00, 0x00, card_dwarven_warriors, 0x00000000, 0x00000001, 0xFF, 0x38, 0x01, 0x00, {0x02, 0x00, 0x00, 0x00} },
  { 0xF1, "BirdOParadse", {0}, 0x000F, 0x0000, 0x02, 0xFF, 0x08, { 0x01, 0x00, 0x00 }, 0, 1, 0x00, 0x00, card_birds_of_paradise, 0x00000020, 0x00001000, 0xFF, 0xF8, 0x01, 0x00, {0x02, 0x00, 0x00, 0x00} },
  { 0xF1, "GiantBadger", {0}, 0x0382, 0x0000, 0x02, 0xFF, 0x08, { 0x02, 0x01, 0x00 }, 2, 2, 0x00, 0x00, card_giant_badger, 0x00000000, 0x00000000, 0xFF, 0x08, 0x80, 0x00, {0x02, 0x00, 0x00, 0x00} },
  { 0xE5, "Nettling Imp", {0}, 0x00AC, 0x0000, 0x02, 0xFF, 0x02, { 0x01, 0x02, 0x00 }, 1, 1, 0x00, 0x00, card_nettling_imp, 0x00000000, 0x01000001, 0xFF, 0x18, 0x02, 0x00, {0x02, 0x00, 0x00, 0x00} },
  { 0xE8, "SengirVampre", {0}, 0x00DC, 0x0000, 0x02, 0xFF, 0x02, { 0x02, 0x03, 0x00 }, 4, 4, 0x00, 0x00, card_sengir_vampire, 0x00000020, 0x00000220, 0xFF, 0x08, 0x01, 0x00, {0x02, 0x00, 0x00, 0x00} },
  { 0xE8, "LordofthePit", {0}, 0x0097, 0x0000, 0x02, 0xFF, 0x02, { 0x03, 0x04, 0x00 }, 7, 7, 0x00, 0x00, card_lord_of_the_pit, 0x000000A0, 0x00000000, 0xFF, 0x08, 0x01, 0x00, {0x01, 0x00, 0x00, 0x00} },
  { 0xE5, "NetherShadow", {0}, 0x00AB, 0x0000, 0x02, 0xFF, 0x02, { 0x02, 0x00, 0x00 }, 1, 1, 0x00, 0x00, card_nether_shadow, 0x00000000, 0x00000000, 0xFF, 0x01, 0x01, 0x00, {0x01, 0x00, 0x00, 0x00} },
  { 0xE3, "NevinyrrlDsk", {0}, 0x00AD, 0x0000, 0x40, 0xFF, 0x01, { 0x00, 0x04, 0x00 }, 0, 0, 0x00, 0x00, card_nevinyrral_s_disk, 0x00000000, 0x00000001, 0xFF, 0xF8, 0x01, 0x00, {0x02, 0x00, 0x00, 0x00} },
  { 0xE5, "Paralyze", {0}, 0x00B3, 0x0000, 0x04, 0xFF, 0x02, { 0x01, 0x00, 0x00 }, 0, 0, 0x00, 0x00, card_paralyze, 0x00000000, 0x00000000, 0xFF, 0x01, 0x01, 0x00, {0x01, 0x00, 0x00, 0x00} },
  { 0xE5, "AnimateDead", {0}, 0x0003, 0x0000, 0x04, 0xFF, 0x02, { 0x01, 0x01, 0x00 }, 0, 0, 0x00, 0x00, card_animate_dead, 0x00000000, 0x00000000, 0xFF, 0x01, 0x01, 0x00, {0x01, 0x00, 0x00, 0x00} },
  { 0xE5, "DemonicTutor", {0}, 0x003E, 0x0000, 0x08, 0xFF, 0x02, { 0x01, 0x01, 0x00 }, 0, 0, 0x00, 0x00, card_demonic_tutor, 0x00000000, 0x00000100, 0xFF, 0x01, 0x02, 0x00, {0x02, 0x00, 0x00, 0x00} },
  { 0xE5, "MindTwist", {0}, 0x00A2, 0x0000, 0x08, 0xFF, 0x02, { 0x01, 0xFF, 0x00 }, 0, 0, 0x00, 0x00, card_mind_twist, 0x00000000, 0x00000100, 0xFF, 0x01, 0x01, 0x00, {0x03, 0x00, 0x00, 0x00} },
  { 0xE5, "DiamondVally", {0}, 0x019A, 0x0000, 0x01, 0xFF, 0x00, { 0x00, 0x00, 0x00 }, 0, 0, 0x00, 0x00, card_diamond_valley, 0x00000000, 0x00000801, 0xFF, 0xF1, 0x04, 0x00, {0x03, 0x00, 0x00, 0x00} },
  { 0xE5, "IsleOfWakWak", {0}, 0x01AC, 0x0000, 0x01, 0xFF, 0x00, { 0x00, 0x00, 0x00 }, 0, 0, 0x00, 0x00, card_island_of_wak_wak, 0x00000000, 0x00000001, 0xFF, 0xF1, 0x04, 0x00, {0x03, 0x00, 0x00, 0x00} },
  { 0xE5, "Pestilence", {0}, 0x00B6, 0x0000, 0x04, 0xFF, 0x02, { 0x02, 0x02, 0x00 }, 0, 0, 0x00, 0x00, card_pestilence, 0x00000000, 0x00000001, 0xFF, 0xF1, 0x01, 0x00, {0x01, 0x00, 0x00, 0x00} },
  { 0xE5, "The Hive", {0}, 0x00F3, 0x0000, 0x40, 0xFF, 0x01, { 0x00, 0x05, 0x00 }, 0, 0, 0x00, 0x00, card_the_hive, 0x00000000, 0x00000001, 0xFF, 0x11, 0x01, 0x00, {0x02, 0x00, 0x00, 0x00} },
  { 0xE5, "Forcefield", {0}, 0x005A, 0x0000, 0x40, 0xFF, 0x01, { 0x00, 0x03, 0x00 }, 0, 0, 0x00, 0x00, card_forcefield, 0x00000000, 0x00000105, 0xFF, 0xF1, 0x02, 0x00, {0x02, 0x00, 0x00, 0x00} },
  { 0xE6, "Power Leak", {0}, 0x00BE, 0x0000, 0x04, 0xFF, 0x04, { 0x01, 0x01, 0x00 }, 0, 0, 0x00, 0x00, card_power_leak, 0x00000000, 0x00000001, 0xFF, 0x11, 0x01, 0x00, {0xFF, 0xFF, 0xFF, 0xFF} },
  { 0xE6, "DrainPower", {0}, 0x0045, 0x0000, 0x08, 0xFF, 0x04, { 0x02, 0x00, 0x00 }, 0, 0, 0x00, 0x00, card_drain_power, 0x00000000, 0x00000000, 0xFF, 0x01, 0x01, 0x00, {0} },
  { 0xE6, "Twiddle", {0}, 0x0100, 0x0000, 0x10, 0xFF, 0x04, { 0x01, 0x00, 0x00 }, 0, 0, 0x00, 0x00, card_twiddle, 0x00000000, 0x00000000, 0xFF, 0x0F, 0x01, 0x00, {0} },
  { 0x00, "2HeadedGiant", {0}, 0x0101, 0x0000, 0x02, 0xFF, 0x10, { 0x01, 0x04, 0x00 }, 4, 4, 0x00, 0x00, card_two_headed_giant_of_foriys, 0x00000080, 0x00100000, 0xFF, 0x08, 0x02, 0x00, {0x03, 0x00, 0x00, 0x00} },
  { 0xE6, "Stasis", {0}, 0x00E9, 0x0000, 0x04, 0xFF, 0x04, { 0x01, 0x01, 0x00 }, 0, 0, 0x00, 0x00, card_stasis, 0x00000000, 0x00000000, 0xFF, 0x01, 0x01, 0x00, {0xFE, 0xFF, 0xFF, 0xFF} },
  { 0xE5, "Scav.Ghoul", {0}, 0x00D7, 0x0000, 0x02, 0xFF, 0x02, { 0x01, 0x03, 0x00 }, 2, 2, 0x00, 0x00, card_scavenging_ghoul, 0x00000200, 0x00000021, 0xFF, 0xF8, 0x01, 0x00, {0} },
  { 0xE5, "Sinkhole", {0}, 0x00E2, 0x0000, 0x08, 0xFF, 0x02, { 0x02, 0x00, 0x00 }, 0, 0, 0x00, 0x00, card_stone_rain, 0x00000000, 0x00000200, 0xFF, 0x01, 0x02, 0x00, {0x02, 0x00, 0x00, 0x00} },
  { 0xFF, "MagneticMtn", {0}, 0x01B7, 0x0000, 0x04, 0xFF, 0x10, { 0x02, 0x01, 0x00 }, 0, 0, 0x00, 0x00, card_magnetic_mountain, 0x00000000, 0x00000000, 0xFF, 0x01, 0x01, 0x00, {0} },
  { 0xFF, "Power Surge", {0}, 0x00C0, 0x0000, 0x04, 0xFF, 0x10, { 0x02, 0x00, 0x00 }, 0, 0, 0x00, 0x00, card_power_surge, 0x00000000, 0x00000021, 0xFF, 0x11, 0x01, 0x00, {0} },
  { 0xFF, "Smoke", {0}, 0x00E5, 0x0000, 0x04, 0xFF, 0x10, { 0x02, 0x00, 0x00 }, 0, 0, 0x00, 0x00, card_smoke, 0x00000000, 0x00000000, 0xFF, 0x01, 0x01, 0x00, {0xFE, 0xFF, 0xFF, 0xFF} },
  { 0xFF, "WheelFortune", {0}, 0x011A, 0x0000, 0x08, 0xFF, 0x10, { 0x01, 0x02, 0x00 }, 0, 0, 0x00, 0x00, card_wheel_of_fortune, 0x00000000, 0x00000100, 0xFF, 0x01, 0x02, 0x00, {0x01, 0x00, 0x00, 0x00} },
  { 0xF1, "Channel", {0}, 0x001E, 0x0000, 0x08, 0xFF, 0x08, { 0x02, 0x00, 0x00 }, 0, 0, 0x00, 0x00, card_channel, 0x00000000, 0x00001000, 0xFF, 0xF1, 0x01, 0x00, {0x02, 0x00, 0x00, 0x00} },
  { 0xF1, "Fastbond", {0}, 0x0050, 0x0000, 0x04, 0xFF, 0x08, { 0x01, 0x00, 0x00 }, 0, 0, 0x00, 0x00, card_fastbond, 0x00000000, 0x00000000, 0xFF, 0x01, 0x02, 0x00, {0x02, 0x00, 0x00, 0x00} },
  { 0xF1, "Ley Druid", {0}, 0x008B, 0x0000, 0x02, 0xFF, 0x08, { 0x01, 0x02, 0x00 }, 1, 1, 0x00, 0x00, card_ley_druid, 0x00000000, 0x00000001, 0xFF, 0xF8, 0x01, 0x00, {0} },
  { 0xF1, "Lure", {0}, 0x0098, 0x0000, 0x04, 0xFF, 0x08, { 0x02, 0x01, 0x00 }, 0, 0, 0x00, 0x00, card_lure, 0x00000000, 0x00000000, 0xFF, 0x01, 0x01, 0x00, {0x02, 0x00, 0x00, 0x00} },
  { 0xF1, "ThicketBslsk", {0}, 0x00F4, 0x0000, 0x02, 0xFF, 0x08, { 0x02, 0x03, 0x00 }, 2, 4, 0x00, 0x00, card_thicket_basilisk, 0x00000000, 0x00000000, 0xFF, 0x08, 0x01, 0x00, {0x01, 0x00, 0x00, 0x00} },
  { 0xF1, "Cockatrice", {0}, 0x0028, 0x0000, 0x02, 0xFF, 0x08, { 0x02, 0x03, 0x00 }, 2, 4, 0x00, 0x00, card_thicket_basilisk, 0x00000020, 0x00000000, 0xFF, 0x08, 0x01, 0x00, {0x01, 0x00, 0x00, 0x00} },
  { 0x05, "WallofIce", {0}, 0x010F, 0x0000, 0x02, 0x00, 0x08, { 0x01, 0x02, 0x00 }, 0, 7, 0x00, 0x00, card_dummy, 0x00000000, 0x00000000, 0xFF, 0x08, 0x01, 0x00, {0x01, 0x00, 0x00, 0x00} },
  { 0xE3, "Magical Hack", {0}, 0x0099, 0x0000, 0x20, 0xFF, 0x04, { 0x01, 0x00, 0x00 }, 0, 0, 0x00, 0x00, card_magical_hack, 0x00000000, 0x00002000, 0xFF, 0x03, 0x01, 0x00, {0xFF, 0xFF, 0xFF, 0xFF} },
  { 0xE3, "SleightOMind", {0}, 0x00E4, 0x0000, 0x20, 0xFF, 0x04, { 0x01, 0x00, 0x00 }, 0, 0, 0x00, 0x00, card_sleight_of_mind, 0x00000000, 0x00002000, 0xFF, 0x03, 0x01, 0x00, {0xFF, 0xFF, 0xFF, 0xFF} },
  { 0xEE, "Black Vise", {0}, 0x0012, 0x0000, 0x40, 0xFF, 0x01, { 0x00, 0x01, 0x00 }, 0, 0, 0x00, 0x00, card_black_vise, 0x00000000, 0x00000200, 0xFF, 0x08, 0x01, 0x00, {0x02, 0x00, 0x00, 0x00} },
  { 0xE4, "Ivory Tower", {0}, 0x01F7, 0x0000, 0x40, 0xFF, 0x01, { 0x00, 0x01, 0x00 }, 0, 0, 0x00, 0x00, card_ivory_tower, 0x00000000, 0x00000100, 0xFF, 0x08, 0x01, 0x00, {0x02, 0x00, 0x00, 0x00} },
  { 0xEE, "The Rack", {0}, 0x0217, 0x0000, 0x40, 0xFF, 0x01, { 0x00, 0x01, 0x00 }, 0, 0, 0x00, 0x00, card_the_rack, 0x00000000, 0x00000000, 0xFF, 0x08, 0x01, 0x00, {0x01, 0x00, 0x00, 0x00} },
  { 0xE8, "ContractBelo", {0}, 0x002B, 0x0000, 0x08, 0xFF, 0x02, { 0x01, 0x00, 0x00 }, 0, 0, 0x00, 0x00, card_contract_from_below, 0x00000000, 0x00000000, 0xFF, 0x0F, 0x02, 0x00, {0x01, 0x00, 0x00, 0x00} },
  { 0xEC, "TimeTwister", {0}, 0x00FA, 0x0000, 0x08, 0xFF, 0x04, { 0x01, 0x02, 0x00 }, 0, 0, 0x00, 0x00, card_timetwister, 0x00000000, 0x00000100, 0xFF, 0x01, 0x02, 0x00, {0x01, 0x00, 0x00, 0x00} },
  { 0xEB, "AladdinsLamp", {0}, 0x0189, 0x0000, 0x40, 0xFF, 0x01, { 0x00, 0x0A, 0x00 }, 0, 0, 0x00, 0x00, card_aladdin_s_lamp, 0x00000000, 0x00020000, 0xFF, 0x01, 0x01, 0x00, {0xFE, 0xFF, 0xFF, 0xFF} },
  { 0xE7, "Millstone", {0}, 0x01FB, 0x0000, 0x40, 0xFF, 0x01, { 0x00, 0x02, 0x00 }, 0, 0, 0x00, 0x00, card_millstone, 0x00000000, 0x00000001, 0xFF, 0xF8, 0x01, 0x00, {0xFE, 0xFF, 0xFF, 0xFF} },
  { 0xFF, "BazaarOBaghd", {0}, 0x018E, 0x0000, 0x01, 0xFF, 0x00, { 0x00, 0x00, 0x00 }, 0, 0, 0x00, 0x00, card_bazaar_of_baghdad, 0x00000000, 0x00000001, 0xFF, 0xF1, 0x04, 0x00, {0} },
  { 0xFF, "LibraryOAlex", {0}, 0x01B6, 0x0000, 0x01, 0xFF, 0x01, { 0x00, 0x00, 0x00 }, 0, 0, 0x00, 0x00, card_library_of_alexandria, 0x00000000, 0x00001101, 0xFF, 0xF1, 0x04, 0x00, {0x02, 0x00, 0x00, 0x00} },
  { 0xF3, "Sindbad", {0}, 0x01CA, 0x0000, 0x02, 0xFF, 0x04, { 0x01, 0x01, 0x00 }, 1, 1, 0x00, 0x00, card_sindbad, 0x00000000, 0x00000401, 0xFF, 0x18, 0x01, 0x00, {0x02, 0x00, 0x00, 0x00} },
  { 0xF8, "SingingTree", {0}, 0x01CB, 0x0000, 0x02, 0xFF, 0x08, { 0x01, 0x03, 0x00 }, 0, 3, 0x00, 0x00, card_singing_tree, 0x00000000, 0x00000001, 0xFF, 0xF8, 0x04, 0x00, {0x03, 0x00, 0x00, 0x00} },
  { 0xFF, "GoblnArtisns", {0}, 0x01F2, 0x0000, 0x02, 0x03, 0x10, { 0x01, 0x00, 0x00 }, 1, 1, 0x00, 0x00, card_goblin_artisans, 0x00000000, 0x00004002, 0xFF, 0xF8, 0x20, 0x00, {0xFF, 0xFF, 0xFF, 0xFF} },
  { 0xE4, "MishraFactry", {0}, 0x01FC, 0x0000, 0x01, 0xFF, 0x01, { 0x00, 0x00, 0x00 }, 0, 0, 0x00, 0x00, card_mishra_s_factory, 0x00000000, 0x00001401, 0xFF, 0x71, 0x01, 0x00, {0x02, 0x00, 0x00, 0x00} },
  { 0xE4, "MishraWrkshp", {0}, 0x01FE, 0x0000, 0x01, 0xFF, 0x40, { 0x00, 0x00, 0x00 }, 0, 0, 0x00, 0x00, card_mishra_s_workshop, 0x00000000, 0x00001500, 0xFF, 0x01, 0x20, 0x00, {0x02, 0x00, 0x00, 0x00} },
  { 0xF7, "Strip Mine", {0}, 0x0210, 0x0000, 0x01, 0xFF, 0x01, { 0x00, 0x00, 0x00 }, 0, 0, 0x00, 0x00, card_strip_mine, 0x00000000, 0x00001401, 0xFF, 0xF1, 0x01, 0x00, {0x01, 0x00, 0x00, 0x00} },
  { 0xE4, "Urza's Mine", {0}, 0x021D, 0x0000, 0x01, 0x08, 0x01, { 0x00, 0x00, 0x00 }, 0, 0, 0x00, 0x00, card_urza_s_mine, 0x00000000, 0x00001400, 0xFF, 0x01, 0x08, 0x00, {0x01, 0x00, 0x00, 0x00} },
  { 0xE4, "Urza'sPlant", {0}, 0x021F, 0x0000, 0x01, 0x08, 0x01, { 0x00, 0x00, 0x00 }, 0, 0, 0x00, 0x00, card_urza_s_mine, 0x00000000, 0x00001400, 0xFF, 0x01, 0x08, 0x00, {0x01, 0x00, 0x00, 0x00} },
  { 0xE4, "Urza'sTower", {0}, 0x0220, 0x0000, 0x01, 0x08, 0x01, { 0x00, 0x00, 0x00 }, 0, 0, 0x00, 0x00, card_urza_s_tower, 0x00000000, 0x00001400, 0xFF, 0x01, 0x08, 0x00, {0x01, 0x00, 0x00, 0x00} },
  { 0xFF, "ArgivianArch", {0}, 0x01D3, 0x0000, 0x02, 0xFF, 0x20, { 0x02, 0x01, 0x00 }, 1, 1, 0x00, 0x00, card_argivian_archaeologist, 0x00000000, 0x00000401, 0xFF, 0x18, 0x20, 0x00, {0x03, 0x00, 0x00, 0x00} },
  { 0xFE, "ArgivianSmth", {0}, 0x01D4, 0x0000, 0x02, 0xFF, 0x20, { 0x02, 0x01, 0x00 }, 2, 2, 0x00, 0x00, card_argivian_blacksmith, 0x00000000, 0x00000405, 0xFF, 0xF8, 0x20, 0x00, {0xFF, 0xFF, 0xFF, 0xFF} },
  { 0xFE, "COPArtifacts", {0}, 0x01E1, 0x0000, 0x04, 0xFF, 0x20, { 0x01, 0x01, 0x00 }, 0, 0, 0x00, 0x00, card_co_p_artifacts, 0x00000000, 0x00000405, 0xFF, 0xF1, 0x01, 0x00, {0} },
  { 0xE9, "DampingField", {0}, 0x01E9, 0x0000, 0x04, 0xFF, 0x20, { 0x01, 0x02, 0x00 }, 0, 0, 0x00, 0x00, card_damping_field, 0x00000000, 0x00000400, 0xFF, 0x08, 0x20, 0x00, {0} },
  { 0xE5, "MartyrOKorls", {0}, 0x01F9, 0x0000, 0x02, 0xFF, 0x20, { 0x02, 0x03, 0x00 }, 1, 6, 0x00, 0x00, card_martyrs_of_korlis, 0x00000000, 0x00040400, 0xFF, 0x08, 0x20, 0x00, {0xFF, 0xFF, 0xFF, 0xFF} },
  { 0xEB, "RvrsPolarity", {0}, 0x020A, 0x0000, 0x10, 0xFF, 0x20, { 0x02, 0x00, 0x00 }, 0, 0, 0x00, 0x00, card_reverse_polarity, 0x00000000, 0x00000404, 0xFF, 0x0F, 0x20, 0x00, {0} },
  { 0xFC, "DrafnaRstore", {0}, 0x01EB, 0x0000, 0x08, 0xFF, 0x04, { 0x01, 0x00, 0x00 }, 0, 0, 0x00, 0x00, card_drafna_s_restoration, 0x00000000, 0x00000400, 0xFF, 0x01, 0x20, 0x00, {0x03, 0x00, 0x00, 0x00} },
  { 0xE7, "EnergyFlux", {0}, 0x01EE, 0x0000, 0x04, 0xFF, 0x04, { 0x01, 0x02, 0x00 }, 0, 0, 0x00, 0x00, card_energy_flux, 0x00000000, 0x00000400, 0xFF, 0x08, 0x01, 0x00, {0xFE, 0xFF, 0xFF, 0xFF} },
  { 0xEB, "SageOfLatNam", {0}, 0x020C, 0x0000, 0x02, 0xFF, 0x04, { 0x01, 0x01, 0x00 }, 1, 2, 0x00, 0x00, card_sage_of_lat_nam, 0x00000000, 0x00000401, 0xFF, 0x18, 0x20, 0x00, {0xFF, 0xFF, 0xFF, 0xFF} },
  { 0xE3, "TransmuteArt", {0}, 0x0219, 0x0000, 0x08, 0xFF, 0x04, { 0x02, 0x00, 0x00 }, 0, 0, 0x00, 0x00, card_transmute_artifact, 0x00000000, 0x00000400, 0xFF, 0x01, 0x20, 0x00, {0x02, 0x00, 0x00, 0x00} },
  { 0xFD, "Afct.Possess", {0}, 0x0204, 0x0000, 0x04, 0xFF, 0x02, { 0x01, 0x02, 0x00 }, 0, 0, 0x00, 0x00, card_artifact_possession, 0x00000000, 0x00000400, 0xFF, 0x01, 0x20, 0x00, {0x01, 0x00, 0x00, 0x00} },
  { 0xF8, "GatePhyrexia", {0}, 0x01F1, 0x0000, 0x04, 0xFF, 0x02, { 0x02, 0x00, 0x00 }, 0, 0, 0x00, 0x00, card_gate_to_phyrexia, 0x00000000, 0x00000401, 0xFF, 0x18, 0x20, 0x00, {0x02, 0x00, 0x00, 0x00} },
  { 0xFA, "HauntingWind", {0}, 0x01F5, 0x0000, 0x04, 0xFF, 0x02, { 0x01, 0x03, 0x00 }, 0, 0, 0x00, 0x00, card_haunting_wind, 0x00000000, 0x00000400, 0xFF, 0x01, 0x20, 0x00, {0x01, 0x00, 0x00, 0x00} },
  { 0xE5, "PhyrxGremlin", {0}, 0x0203, 0x0000, 0x02, 0xFF, 0x02, { 0x01, 0x02, 0x00 }, 1, 1, 0x00, 0x00, card_phyrexian_gremlins, 0x00000000, 0x00000401, 0xFF, 0x18, 0x20, 0x00, {0x01, 0x00, 0x00, 0x00} },
  { 0xE8, "PriestYwgmth", {0}, 0x0225, 0x0000, 0x02, 0xFF, 0x02, { 0x01, 0x01, 0x00 }, 1, 2, 0x00, 0x00, card_priest_of_yawgmoth, 0x00000000, 0x00001402, 0xFF, 0xF8, 0x20, 0x00, {0x02, 0x00, 0x00, 0x00} },
  { 0xFD, "XenicPolterg", {0}, 0x0223, 0x0000, 0x02, 0xFF, 0x02, { 0x02, 0x01, 0x00 }, 1, 1, 0x00, 0x00, card_xenic_poltergeist, 0x00000000, 0x00000401, 0xFF, 0xF8, 0x01, 0x00, {0xFF, 0xFF, 0xFF, 0xFF} },
  { 0xFD, "YwgmthDemon", {0}, 0x0224, 0x0000, 0x02, 0xFF, 0x02, { 0x02, 0x04, 0x00 }, 6, 6, 0x00, 0x00, card_yawgmoth_demon, 0x00000120, 0x00000400, 0xFF, 0x08, 0x08, 0x00, {0x02, 0x00, 0x00, 0x00} },
  { 0xE7, "ArtifactBlst", {0}, 0x01D8, 0x0000, 0x20, 0xFF, 0x10, { 0x01, 0x00, 0x00 }, 0, 0, 0x00, 0x00, card_artifact_blast, 0x00000000, 0x00000400, 0xFF, 0x0F, 0x20, 0x00, {0} },
  { 0xE7, "Detonate", {0}, 0x01EA, 0x0000, 0x08, 0xFF, 0x10, { 0x01, 0xFF, 0x00 }, 0, 0, 0x00, 0x00, card_detonate, 0x00000000, 0x00000400, 0xFF, 0x01, 0x01, 0x00, {0} },
  { 0xE6, "OrcMechanic", {0}, 0x0201, 0x0000, 0x02, 0x09, 0x10, { 0x01, 0x02, 0x00 }, 1, 1, 0x00, 0x00, card_orcish_mechanics, 0x00000000, 0x00000401, 0xFF, 0x88, 0x20, 0x00, {0} },
  { 0xE5, "ArgothnPixie", {0}, 0x01D5, 0x0000, 0x02, 0xFF, 0x08, { 0x01, 0x01, 0x00 }, 2, 1, 0x00, 0x00, card_argothian_pixies, 0x00000000, 0x00000400, 0xFF, 0x08, 0x08, 0x00, {0x02, 0x00, 0x00, 0x00} },
  { 0xE5, "ArgothnTrflk", {0}, 0x01D6, 0x0000, 0x02, 0xFF, 0x08, { 0x02, 0x03, 0x00 }, 3, 5, 0x00, 0x00, card_argothian_treefolk, 0x00000000, 0x00000400, 0xFF, 0x08, 0x20, 0x00, {0x01, 0x00, 0x00, 0x00} },
  { 0xEB, "CitanulDruid", {0}, 0x01E2, 0x0000, 0x02, 0xFF, 0x08, { 0x01, 0x01, 0x00 }, 1, 1, 0x00, 0x00, card_citanul_druid, 0x00000000, 0x00000400, 0xFF, 0x08, 0x20, 0x00, {0x01, 0x00, 0x00, 0x00} },
  { 0xE9, "Crumble", {0}, 0x01E7, 0x0000, 0x10, 0xFF, 0x08, { 0x01, 0x00, 0x00 }, 0, 0, 0x00, 0x00, card_crumble, 0x00000000, 0x00000400, 0xFF, 0x0F, 0x01, 0x00, {0} },
  { 0xF2, "GaeasAvenger", {0}, 0x01F0, 0x0000, 0x02, 0xFF, 0x08, { 0x02, 0x01, 0x00 }, 16385, 16385, 0x00, 0x00, card_gaea_s_avenger, 0x00000000, 0x00000400, 0xFF, 0x08, 0x20, 0x00, {0xFF, 0xFF, 0xFF, 0xFF} },
  { 0xE3, "PowerLeech", {0}, 0x0206, 0x0000, 0x04, 0xFF, 0x08, { 0x02, 0x00, 0x00 }, 0, 0, 0x00, 0x00, card_powerleech, 0x00000000, 0x00000400, 0xFF, 0x01, 0x20, 0x00, {0xFF, 0xFF, 0xFF, 0xFF} },
  { 0xE9, "AmuletOKroog", {0}, 0x01D2, 0x0000, 0x40, 0xFF, 0x01, { 0x00, 0x02, 0x00 }, 0, 0, 0x00, 0x00, card_amulet_of_kroog, 0x00000000, 0x00000405, 0xFF, 0xF1, 0x01, 0x00, {0x02, 0x00, 0x00, 0x00} },
  { 0xEB, "AshnodsAltar", {0}, 0x01DA, 0x0000, 0x40, 0xFF, 0x01, { 0x00, 0x03, 0x00 }, 0, 0, 0x00, 0x00, card_ashnod_s_altar, 0x00000000, 0x00001400, 0xFF, 0xF1, 0x08, 0x00, {0xFF, 0xFF, 0xFF, 0xFF} },
  { 0xF6, "AshnodsBtlgr", {0}, 0x01DB, 0x0000, 0x40, 0xFF, 0x01, { 0x00, 0x02, 0x00 }, 0, 0, 0x00, 0x00, card_ashnod_s_battle_gear, 0x00000000, 0x00000401, 0xFF, 0x41, 0x01, 0x00, {0x01, 0x00, 0x00, 0x00} },
  { 0xEB, "AshnodsTrans", {0}, 0x01DC, 0x0000, 0x40, 0xFF, 0x01, { 0x00, 0x01, 0x00 }, 0, 0, 0x00, 0x00, card_ashnod_s_transmogrant, 0x00000000, 0x00000401, 0xFF, 0xF1, 0x08, 0x00, {0x02, 0x00, 0x00, 0x00} },
  { 0xED, "BatteringRam", {0}, 0x01DE, 0x0000, 0x42, 0xFF, 0x01, { 0x00, 0x02, 0x00 }, 1, 1, 0x00, 0x00, card_battering_ram, 0x00200000, 0x00000400, 0xFF, 0x08, 0x01, 0x00, {0x01, 0x00, 0x00, 0x00} },
  { 0xE3, "CandlOTawnos", {0}, 0x01E0, 0x0000, 0x40, 0xFF, 0x01, { 0x00, 0x01, 0x00 }, 0, 0, 0x00, 0x00, card_candelabra_of_tawnos, 0x00000000, 0x00020501, 0xFF, 0x11, 0x20, 0x00, {0x02, 0x00, 0x00, 0x00} },
  { 0xE5, "ClayStatue", {0}, 0x01E3, 0x0000, 0x42, 0xFF, 0x01, { 0x00, 0x04, 0x00 }, 3, 1, 0x00, 0x00, card_clay_statue, 0x00000200, 0x00000401, 0xFF, 0xF8, 0x01, 0x00, {0x02, 0x00, 0x00, 0x00} },
  { 0xF1, "ClockworkAvn", {0}, 0x01E4, 0x0000, 0x42, 0xFF, 0x01, { 0x00, 0x05, 0x00 }, 0, 4, 0x00, 0x00, card_clockwork_avian, 0x00000020, 0x00020421, 0xFF, 0x18, 0x01, 0x00, {0x02, 0x00, 0x00, 0x00} },
  { 0xFF, "ColosusOSard", {0}, 0x01E5, 0x0000, 0x42, 0xFF, 0x01, { 0x00, 0x09, 0x00 }, 9, 9, 0x00, 0x00, card_colossus_of_sardia, 0x00000080, 0x00000400, 0xFF, 0x08, 0x01, 0x00, {0xFF, 0xFF, 0xFF, 0xFF} },
  { 0xE9, "Coral Helm", {0}, 0x01E6, 0x0000, 0x40, 0xFF, 0x01, { 0x00, 0x03, 0x00 }, 0, 0, 0x00, 0x00, card_coral_helm, 0x00000000, 0x00000401, 0xFF, 0x41, 0x01, 0x00, {0x02, 0x00, 0x00, 0x00} },
  { 0xEE, "Cursed Rack", {0}, 0x01E8, 0x0000, 0x40, 0xFF, 0x01, { 0x00, 0x04, 0x00 }, 0, 0, 0x00, 0x00, card_cursed_rack, 0x00000000, 0x00000400, 0xFF, 0x01, 0x01, 0x00, {0xFE, 0xFF, 0xFF, 0xFF} },
  { 0xEF, "Feldons Cane", {0}, 0x01EF, 0x0000, 0x40, 0xFF, 0x01, { 0x00, 0x01, 0x00 }, 0, 0, 0x00, 0x00, card_feldon_s_cane, 0x00000000, 0x00000501, 0xFF, 0x11, 0x08, 0x00, {0} },
  { 0xFE, "GrapeshotCpt", {0}, 0x01F4, 0x0000, 0x42, 0xFF, 0x01, { 0x00, 0x04, 0x00 }, 2, 3, 0x00, 0x00, card_grapeshot_catapult, 0x00000000, 0x00000401, 0xFF, 0xF8, 0x01, 0x00, {0x01, 0x00, 0x00, 0x00} },
  { 0xED, "Jalum Tome", {0}, 0x01F8, 0x0000, 0x40, 0xFF, 0x01, { 0x00, 0x03, 0x00 }, 0, 0, 0x00, 0x00, card_jalum_tome, 0x00000000, 0x00000401, 0xFF, 0xF8, 0x08, 0x00, {0} },
  { 0xF6, "MishraWarMch", {0}, 0x01FD, 0x0000, 0x42, 0xFF, 0x01, { 0x00, 0x07, 0x00 }, 5, 5, 0x00, 0x00, card_mishra_s_war_machine, 0x00000040, 0x00000401, 0xFF, 0x18, 0x01, 0x00, {0x01, 0x00, 0x00, 0x00} },
  { 0xF5, "ObeliskOUndo", {0}, 0x01FF, 0x0000, 0x40, 0xFF, 0x01, { 0x00, 0x01, 0x00 }, 0, 0, 0x00, 0x00, card_obelisk_of_undoing, 0x00000000, 0x00000401, 0xFF, 0xF1, 0x08, 0x00, {0x01, 0x00, 0x00, 0x00} },
  { 0xE5, "Primal Clay", {0}, 0x0207, 0x0000, 0x42, 0xFF, 0x01, { 0x00, 0x04, 0x00 }, 16387, 16387, 0x00, 0x00, card_primal_clay, 0x00000000, 0x00000400, 0xFF, 0x08, 0x01, 0x00, {0x02, 0x00, 0x00, 0x00} },
  { 0xE7, "Rakalite", {0}, 0x0208, 0x0000, 0x40, 0xFF, 0x01, { 0x00, 0x06, 0x00 }, 0, 0, 0x00, 0x00, card_rakalite, 0x00000000, 0x00000405, 0xFF, 0xF1, 0x08, 0x00, {0xFE, 0xFF, 0xFF, 0xFF} },
  { 0xFE, "StaffOfZegon", {0}, 0x020F, 0x0000, 0x40, 0xFF, 0x01, { 0x00, 0x04, 0x00 }, 0, 0, 0x00, 0x00, card_staff_of_zegon, 0x00000000, 0x00000401, 0xFF, 0x21, 0x20, 0x00, {0x01, 0x00, 0x00, 0x00} },
  { 0xE6, "Su-Chi", {0}, 0x0211, 0x0000, 0x42, 0xFF, 0x01, { 0x00, 0x04, 0x00 }, 4, 4, 0x00, 0x00, card_su_chi, 0x00000000, 0x00001400, 0xFF, 0x08, 0x20, 0x00, {0x01, 0x00, 0x00, 0x00} },
  { 0xEB, "TabltOEpityr", {0}, 0x0212, 0x0000, 0x40, 0xFF, 0x01, { 0x00, 0x01, 0x00 }, 0, 0, 0x00, 0x00, card_tablet_of_epityr, 0x00000000, 0x00000400, 0xFF, 0x01, 0x20, 0x00, {0} },
  { 0xEB, "TawnosCoffin", {0}, 0x0213, 0x0000, 0x40, 0xFF, 0x01, { 0x00, 0x04, 0x00 }, 0, 0, 0x00, 0x00, card_tawnos_s_coffin, 0x00000000, 0x00000401, 0xFF, 0xF1, 0x20, 0x00, {0x03, 0x00, 0x00, 0x00} },
  { 0xFE, "TawnosWeapon", {0}, 0x0215, 0x0000, 0x40, 0xFF, 0x01, { 0x00, 0x02, 0x00 }, 0, 0, 0x00, 0x00, card_tawnos_s_weaponry, 0x00000000, 0x00000401, 0xFF, 0x41, 0x01, 0x00, {0x02, 0x00, 0x00, 0x00} },
  { 0xF6, "Triskelion", {0}, 0x021A, 0x0000, 0x42, 0xFF, 0x01, { 0x00, 0x06, 0x00 }, 1, 1, 0x00, 0x00, card_triskelion, 0x00000000, 0x00000421, 0xFF, 0xF8, 0x01, 0x00, {0x02, 0x00, 0x00, 0x00} },
  { 0xF6, "UrzasAvenger", {0}, 0x021B, 0x0000, 0x42, 0xFF, 0x01, { 0x00, 0x06, 0x00 }, 4, 4, 0x00, 0x00, card_urza_s_avenger, 0x00000000, 0x00000401, 0xFF, 0x38, 0x01, 0x00, {0x02, 0x00, 0x00, 0x00} },
  { 0xFB, "UrzasChalice", {0}, 0x021C, 0x0000, 0x40, 0xFF, 0x01, { 0x00, 0x01, 0x00 }, 0, 0, 0x00, 0x00, card_urza_s_chalice, 0x00000000, 0x00000000, 0xFF, 0xF1, 0x20, 0x00, {0} },
  { 0xEB, "UrzasMiter", {0}, 0x021E, 0x0000, 0x40, 0xFF, 0x01, { 0x00, 0x03, 0x00 }, 0, 0, 0x00, 0x00, card_urza_s_miter, 0x00000000, 0x00000400, 0xFF, 0x01, 0x20, 0x00, {0xFF, 0xFF, 0xFF, 0xFF} },
  { 0xEE, "WallofSpears", {0}, 0x0221, 0x0000, 0x42, 0x00, 0x01, { 0x00, 0x03, 0x00 }, 2, 3, 0x00, 0x00, card_dummy, 0x00000100, 0x00000000, 0xFF, 0x08, 0x01, 0x00, {0x01, 0x00, 0x00, 0x00} },
  { 0xE9, "Weakstone", {0}, 0x0222, 0x0000, 0x40, 0xFF, 0x01, { 0x00, 0x04, 0x00 }, 0, 0, 0x00, 0x00, card_weakstone, 0x00000000, 0x00000400, 0xFF, 0x01, 0x20, 0x00, {0} },
  { 0xF6, "YotnSoldier", {0}, 0x0226, 0x0000, 0x42, 0xFF, 0x01, { 0x00, 0x03, 0x00 }, 1, 4, 0x00, 0x00, card_serra_angel, 0x00000000, 0x00000400, 0xFF, 0x08, 0x01, 0x00, {0x02, 0x00, 0x00, 0x00} },
  { 0xFD, "Time Walk", {0}, 0x00F9, 0x0000, 0x08, 0xFF, 0x04, { 0x01, 0x01, 0x00 }, 0, 0, 0x00, 0x00, card_time_walk, 0x00000000, 0x00000100, 0xFF, 0x08, 0x02, 0x00, {0x03, 0x00, 0x00, 0x00} },
  { 0xFD, "Time Vault", {0}, 0x00F8, 0x0000, 0x40, 0xFF, 0x01, { 0x00, 0x02, 0x00 }, 0, 0, 0x00, 0x00, card_time_vault, 0x00000000, 0x00000101, 0xFF, 0x88, 0x02, 0x00, {0} },
  { 0xF6, "Balance", {0}, 0x000A, 0x0000, 0x08, 0xFF, 0x20, { 0x01, 0x01, 0x00 }, 0, 0, 0x00, 0x00, card_balance, 0x00000000, 0x00000100, 0xFF, 0x0F, 0x01, 0x00, {0x03, 0x00, 0x00, 0x00} },
  { 0xFC, "CyclopeanTmb", {0}, 0x0036, 0x0000, 0x40, 0xFF, 0x01, { 0x00, 0x04, 0x00 }, 0, 0, 0x00, 0x00, card_cyclopean_tomb, 0x00000000, 0x00000101, 0xFF, 0x18, 0x02, 0x00, {0x02, 0x00, 0x00, 0x00} },
  { 0xF6, "EyeForAnEye", {0}, 0x01A1, 0x0000, 0x10, 0xFF, 0x20, { 0x02, 0x00, 0x00 }, 0, 0, 0x00, 0x00, card_eye_for_an_eye, 0x00000000, 0x00000004, 0xFF, 0x0F, 0x01, 0x00, {0} },
  { 0xF1, "IslandSanct.", {0}, 0x007F, 0x0000, 0x04, 0xFF, 0x20, { 0x01, 0x01, 0x00 }, 0, 0, 0x00, 0x00, card_island_sanctuary, 0x00000000, 0x00000000, 0xFF, 0xF8, 0x01, 0x00, {0xFF, 0xFF, 0xFF, 0xFF} },
  { 0xF3, "PersonalInc.", {0}, 0x00B5, 0x0000, 0x02, 0xFF, 0x20, { 0x03, 0x03, 0x00 }, 6, 6, 0x00, 0x00, card_personal_incarnation, 0x00000000, 0x00000005, 0xFF, 0xF8, 0x01, 0x00, {0x01, 0x00, 0x00, 0x00} },
  { 0xE3, "ControlMagic", {0}, 0x002C, 0x0000, 0x04, 0xFF, 0x04, { 0x02, 0x02, 0x00 }, 0, 0, 0x00, 0x00, card_control_magic, 0x00000000, 0x00000000, 0xFF, 0x01, 0x01, 0x00, {0x01, 0x00, 0x00, 0x00} },
  { 0xE3, "StealArtifct", {0}, 0x00EA, 0x0000, 0x04, 0xFF, 0x04, { 0x02, 0x02, 0x00 }, 0, 0, 0x00, 0x00, card_steal_artifact, 0x00000000, 0x00000000, 0xFF, 0x01, 0x01, 0x00, {0} },
  { 0xFC, "Siren's Call", {0}, 0x00E3, 0x0000, 0x10, 0xFF, 0x04, { 0x01, 0x00, 0x00 }, 0, 0, 0x00, 0x00, card_siren_s_call, 0x00000000, 0x01000000, 0xFF, 0x01, 0x01, 0x00, {0x01, 0x00, 0x00, 0x00} },
  { 0xEC, "VolcanicErpt", {0}, 0x0109, 0x0000, 0x08, 0xFF, 0x04, { 0x03, 0xFF, 0x00 }, 0, 0, 0x00, 0x00, card_volcanic_eruption, 0x00000000, 0x00000000, 0xFF, 0x01, 0x01, 0x00, {0} },
  { 0xFC, "Darkpact", {0}, 0x0038, 0x0000, 0x08, 0xFF, 0x02, { 0x03, 0x00, 0x00 }, 0, 0, 0x00, 0x00, card_darkpact, 0x00000000, 0x00000000, 0xFF, 0x08, 0x02, 0x00, {0x01, 0x00, 0x00, 0x00} },
  { 0xFD, "DemonicHorde", {0}, 0x003D, 0x0000, 0x02, 0xFF, 0x02, { 0x03, 0x03, 0x00 }, 5, 5, 0x00, 0x00, card_demonic_hordes, 0x00000000, 0x00000001, 0xFF, 0x88, 0x02, 0x00, {0x03, 0x00, 0x00, 0x00} },
  { 0xFC, "DemonicAttny", {0}, 0x003C, 0x0000, 0x08, 0xFF, 0x02, { 0x02, 0x01, 0x00 }, 0, 0, 0x00, 0x00, card_demonic_attorney, 0x00000000, 0x00000000, 0xFF, 0x08, 0x02, 0x00, {0x01, 0x00, 0x00, 0x00} },
  { 0xE7, "Fork", {0}, 0x005C, 0x0000, 0x20, 0xFF, 0x10, { 0x02, 0x00, 0x00 }, 0, 0, 0x00, 0x00, card_fork, 0x00000000, 0x00002100, 0xFF, 0xFF, 0x02, 0x00, {0x01, 0x00, 0x00, 0x00} },
  { 0xEB, "GaeasLiege", {0}, 0x005F, 0x0000, 0x02, 0xFF, 0x08, { 0x03, 0x03, 0x00 }, 16384, 16384, 0x00, 0x00, card_gaea_s_liege, 0x00000000, 0x00000001, 0xFF, 0x18, 0x01, 0x00, {0} },
  { 0xF4, "Kudzu", {0}, 0x0089, 0x0000, 0x04, 0xFF, 0x08, { 0x02, 0x01, 0x00 }, 0, 0, 0x00, 0x00, card_kudzu, 0x00000000, 0x00000000, 0xFF, 0x01, 0x02, 0x00, {0} },
  { 0xEF, "LivingLands", {0}, 0x0093, 0x0000, 0x04, 0xFF, 0x08, { 0x01, 0x03, 0x00 }, 0, 0, 0x00, 0x00, card_living_lands, 0x00000000, 0x00000000, 0xFF, 0x01, 0x01, 0x00, {0xFE, 0xFF, 0xFF, 0xFF} },
  { 0xF5, "Kormus Bell", {0}, 0x0088, 0x0000, 0x40, 0xFF, 0x01, { 0x00, 0x04, 0x00 }, 0, 0, 0x00, 0x00, card_kormus_bell, 0x00000000, 0x00000000, 0xFF, 0x01, 0x01, 0x00, {0xFE, 0xFF, 0xFF, 0xFF} },
  { 0xE9, "NaturalSelec", {0}, 0x00AA, 0x0000, 0x10, 0xFF, 0x08, { 0x01, 0x00, 0x00 }, 0, 0, 0x00, 0x00, card_natural_selection, 0x00000000, 0x00000000, 0xFF, 0x01, 0x02, 0x00, {0} },
  { 0xE9, "BottleOSulmn", {0}, 0x0190, 0x0000, 0x40, 0xFF, 0x01, { 0x00, 0x04, 0x00 }, 0, 0, 0x00, 0x00, card_bottle_of_suleiman, 0x00000000, 0x00000801, 0xFF, 0x18, 0x01, 0x00, {0x03, 0x00, 0x00, 0x00} },
  { 0xE3, "GlassesOUrza", {0}, 0x0063, 0x0000, 0x40, 0xFF, 0x01, { 0x00, 0x01, 0x00 }, 0, 0, 0x00, 0x00, card_glasses_of_urza, 0x00000000, 0x00000001, 0xFF, 0x11, 0x01, 0x00, {0} },
  { 0xE4, "LibraryOLeng", {0}, 0x008C, 0x0000, 0x40, 0xFF, 0x01, { 0x00, 0x01, 0x00 }, 0, 0, 0x00, 0x00, card_library_of_leng, 0x00000000, 0x00000000, 0xFF, 0x08, 0x01, 0x00, {0xFE, 0xFF, 0xFF, 0xFF} },
  { 0x00, "Lich", {0}, 0x008D, 0x0000, 0x04, 0xFF, 0x02, { 0x04, 0x00, 0x00 }, 0, 0, 0x00, 0x00, card_lich, 0x00000000, 0x00200400, 0xFF, 0x01, 0x02, 0x00, {0x02, 0x00, 0x00, 0x00} },
  { 0xF7, "ElephGrvyard", {0}, 0x019E, 0x0000, 0x01, 0xFF, 0x01, { 0x00, 0x00, 0x00 }, 0, 0, 0x00, 0x00, card_elephant_graveyard, 0x00000000, 0x00001801, 0xFF, 0xF1, 0x04, 0x00, {0x03, 0x00, 0x00, 0x00} },
  { 0xEB, "OldManoftheC", {0}, 0x01BE, 0x0000, 0x02, 0xFF, 0x04, { 0x02, 0x01, 0x00 }, 2, 3, 0x00, 0x00, card_old_man_of_the_sea, 0x00000000, 0x00000001, 0xFF, 0x18, 0x04, 0x00, {0x03, 0x00, 0x00, 0x00} },
  { 0xF4, "Oubliette", {0}, 0x01BF, 0x0000, 0x04, 0xFF, 0x02, { 0x02, 0x01, 0x00 }, 0, 0, 0x00, 0x00, card_oubliette, 0x00000000, 0x00000400, 0xFF, 0x01, 0x04, 0x00, {0x02, 0x00, 0x00, 0x00} },
  { 0xFF, "DesertNomads", {0}, 0x0198, 0x0000, 0x02, 0xFF, 0x10, { 0x01, 0x02, 0x00 }, 2, 2, 0x00, 0x00, card_desert_nomads, 0x00000000, 0x00000000, 0xFF, 0x08, 0x04, 0x00, {0xFE, 0xFF, 0xFF, 0xFF} },
  { 0xFD, "YdwenEfreet", {0}, 0x01D1, 0x0000, 0x02, 0x05, 0x10, { 0x03, 0x00, 0x00 }, 3, 6, 0x00, 0x00, card_ydwen_efreet, 0x00000000, 0x00000800, 0xFF, 0x08, 0x04, 0x00, {0x01, 0x00, 0x00, 0x00} },
  { 0xEA, "Cyclone", {0}, 0x0195, 0x0000, 0x04, 0xFF, 0x08, { 0x02, 0x02, 0x00 }, 0, 0, 0x00, 0x00, card_cyclone, 0x00000000, 0x00000021, 0xFF, 0x1F, 0x08, 0x00, {0x02, 0x00, 0x00, 0x00} },
  { 0xE9, "DropofHoney", {0}, 0x019B, 0x0000, 0x04, 0xFF, 0x08, { 0x01, 0x00, 0x00 }, 0, 0, 0x00, 0x00, card_drop_of_honey, 0x00000000, 0x00000001, 0xFF, 0x18, 0x04, 0x00, {0x03, 0x00, 0x00, 0x00} },
  { 0xE5, "IfhBiffEfrt", {0}, 0x01AA, 0x0000, 0x02, 0x05, 0x08, { 0x02, 0x02, 0x00 }, 3, 3, 0x00, 0x00, card_ifh_biff_efreet, 0x00000020, 0x10000801, 0xFF, 0x88, 0x04, 0x00, {0x02, 0x00, 0x00, 0x00} },
  { 0xE5, "Abu Jafar", {0}, 0x0187, 0x0000, 0x02, 0xFF, 0x20, { 0x01, 0x00, 0x00 }, 0, 1, 0x00, 0x00, card_abu_ja_far, 0x00000000, 0x00000400, 0xFF, 0x08, 0x08, 0x00, {0x03, 0x00, 0x00, 0x00} },
  { 0xFE, "Aladdin", {0}, 0x0188, 0x0000, 0x02, 0xFF, 0x10, { 0x02, 0x02, 0x00 }, 1, 1, 0x00, 0x00, card_aladdin, 0x00000000, 0x00000401, 0xFF, 0xF8, 0x08, 0x00, {0x03, 0x00, 0x00, 0x00} },
  { 0xFC, "AnimateWall", {0}, 0x0004, 0x0000, 0x04, 0xFF, 0x20, { 0x01, 0x00, 0x00 }, 0, 0, 0x00, 0x00, card_animate_wall, 0x00000000, 0x00000000, 0xFF, 0x01, 0x01, 0x00, {0xFE, 0xFF, 0xFF, 0xFF} },
  { 0xFD, "CallfmGrave", {0}, 0x035C, 0x0000, 0x08, 0xFF, 0x02, { 0x01, 0x02, 0x00 }, 0, 0, 0x00, 0x00, card_call_from_the_grave, 0x00000000, 0x00000800, 0x03, 0x01, 0x40, 0x00, {0} },
  { 0xEA, "PrismaticDrg", {0}, 0x035D, 0x0000, 0x02, 0xFF, 0x20, { 0x02, 0x02, 0x00 }, 2, 3, 0x00, 0x00, card_prismatic_dragon, 0x00000020, 0x00000801, 0x03, 0x18, 0x40, 0x00, {0x01, 0x00, 0x00, 0x00} },
  { 0xF0, "RainbowKnght", {0}, 0x035E, 0x0000, 0x02, 0xFF, 0x20, { 0x02, 0x00, 0x00 }, 2, 1, 0x00, 0x00, card_rainbow_knights, 0x00000000, 0x00000801, 0x03, 0x58, 0x40, 0x00, {0x01, 0x00, 0x00, 0x00} },
  { 0xED, "PandorasBox", {0}, 0x035F, 0x0000, 0x40, 0xFF, 0x01, { 0x00, 0x05, 0x00 }, 0, 0, 0x00, 0x00, card_pandora_s_box, 0x00000000, 0x00000801, 0x03, 0x18, 0x40, 0x00, {0xFE, 0xFF, 0xFF, 0xFF} },
  { 0xF4, "Whimsy", {0}, 0x0360, 0x0000, 0x08, 0xFF, 0x04, { 0x02, 0xFF, 0x00 }, 0, 0, 0x00, 0x00, card_whimsy, 0x00000000, 0x00000000, 0xFF, 0x0F, 0x40, 0x00, {0xFE, 0xFF, 0xFF, 0xFF} },
  { 0xF6, "FaerieDragon", {0}, 0x0361, 0x0000, 0x02, 0xFF, 0x08, { 0x02, 0x02, 0x00 }, 1, 3, 0x00, 0x00, card_faerie_dragon, 0x00000020, 0x00000001, 0xFF, 0xFF, 0x40, 0x00, {0} },
  { 0xF5, "GoblinPolka", {0}, 0x0362, 0x0000, 0x02, 0x03, 0x10, { 0x02, 0x00, 0x00 }, 1, 1, 0x00, 0x00, card_goblin_polka_band, 0x00000000, 0x00020001, 0xFF, 0x18, 0x40, 0x00, {0} },
  { 0xEE, "PowerStruggl", {0}, 0x0363, 0x0000, 0x04, 0xFF, 0x04, { 0x03, 0x02, 0x00 }, 0, 0, 0x00, 0x00, card_power_struggle, 0x00000000, 0x00000801, 0x03, 0x18, 0x40, 0x00, {0xFE, 0xFF, 0xFF, 0xFF} },
  { 0xF7, "Aswan Jaguar", {0}, 0x0364, 0x0000, 0x02, 0xFF, 0x08, { 0x02, 0x01, 0x00 }, 2, 2, 0x00, 0x00, card_aswan_jaguar, 0x00000000, 0x00000001, 0xFF, 0xF8, 0x40, 0x00, {0x01, 0x00, 0x00, 0x00} },
  { 0xE6, "OrcCatapult", {0}, 0x0365, 0x0000, 0x10, 0xFF, 0x10, { 0x02, 0xFF, 0x00 }, 0, 0, 0x00, 0x00, card_orcish_catapult, 0x00000000, 0x00000800, 0x03, 0x0F, 0x40, 0x00, {0} },
  { 0xE3, "Gem Bazaar", {0}, 0x0366, 0x0000, 0x01, 0xFF, 0x00, { 0x00, 0x00, 0x00 }, 0, 0, 0x00, 0x00, card_gem_bazaar, 0x00000000, 0x00001800, 0x03, 0x01, 0x40, 0x00, {0xFF, 0xFF, 0xFF, 0xFF} },
  { 0xF7, "NecropofAzar", {0}, 0x0367, 0x0000, 0x04, 0xFF, 0x02, { 0x02, 0x02, 0x00 }, 0, 0, 0x00, 0x00, card_necropolis_of_azar, 0x00000000, 0x00000821, 0x03, 0x11, 0x40, 0x00, {0} },
  { 0xF5, "Arena", {0}, 0x0383, 0x0000, 0x01, 0xFF, 0x00, { 0x00, 0x00, 0x00 }, 0, 0, 0x00, 0x00, card_arena, 0x00000000, 0x00000801, 0xFF, 0xF1, 0x80, 0x00, {0x03, 0x00, 0x00, 0x00} },
  { 0xFC, "Mana Crypt", {0}, 0x037E, 0x0000, 0x40, 0xFF, 0x01, { 0x00, 0x00, 0x00 }, 0, 0, 0x00, 0x00, card_mana_crypt, 0x00000000, 0x00001801, 0xFF, 0xF1, 0x80, 0x00, {0xFE, 0xFF, 0xFF, 0xFF} },
  { 0xF0, "NalathniDrgn", {0}, 0x037F, 0x0000, 0x02, 0xFF, 0x10, { 0x02, 0x02, 0x00 }, 1, 1, 0x00, 0x00, card_dragon_whelp, 0x00000060, 0x00000809, 0xFF, 0x48, 0x80, 0x00, {0x02, 0x00, 0x00, 0x00} },
  { 0xF3, "SewerOEstark", {0}, 0x0380, 0x0000, 0x10, 0xFF, 0x02, { 0x02, 0x02, 0x00 }, 0, 0, 0x00, 0x00, card_sewers_of_estark, 0x00000000, 0x00000000, 0xFF, 0x02, 0x80, 0x00, {0x01, 0x00, 0x00, 0x00} },
  { 0xF0, "WindseekCntr", {0}, 0x0381, 0x0000, 0x02, 0xFF, 0x10, { 0x02, 0x01, 0x00 }, 2, 2, 0x00, 0x00, card_serra_angel, 0x00000000, 0x00000800, 0xFF, 0x08, 0x80, 0x00, {0x02, 0x00, 0x00, 0x00} },
  { 0xE6, "Bog Imp", {0}, 0x0150, 0x0000, 0x02, 0xFF, 0x02, { 0x01, 0x01, 0x00 }, 1, 1, 0x00, 0x00, card_dummy, 0x00000020, 0x00000000, 0xFF, 0x08, 0x01, 0x00, {0x01, 0x00, 0x00, 0x00} },
  { 0xE9, "Carniv.Plant", {0}, 0x0131, 0x0000, 0x02, 0x00, 0x08, { 0x01, 0x03, 0x00 }, 4, 5, 0x00, 0x00, card_dummy, 0x00000000, 0x00000000, 0xFF, 0x08, 0x01, 0x00, {0} },
  { 0xEE, "DiabolicMach", {0}, 0x0178, 0x0000, 0x42, 0xFF, 0x01, { 0x00, 0x07, 0x00 }, 4, 4, 0x00, 0x00, card_diabolic_machine, 0x00000200, 0x00000001, 0x03, 0xF8, 0x01, 0x00, {0x01, 0x00, 0x00, 0x00} },
  { 0xEA, "Ghost Ship", {0}, 0x0146, 0x0000, 0x02, 0xFF, 0x04, { 0x02, 0x02, 0x00 }, 2, 4, 0x00, 0x00, card_ghost_ship, 0x00000220, 0x00000001, 0x02, 0xF8, 0x01, 0x00, {0x02, 0x00, 0x00, 0x00} },
  { 0xE6, "GiantStrngth", {0}, 0x0289, 0x0000, 0x04, 0xFF, 0x10, { 0x02, 0x00, 0x00 }, 0, 0, 0x00, 0x00, card_giant_strength, 0x00000000, 0x00000000, 0xFF, 0x01, 0x01, 0x00, {0x01, 0x00, 0x00, 0x00} },
  { 0xFD, "Immolation", {0}, 0x02A7, 0x0000, 0x04, 0xFF, 0x10, { 0x01, 0x00, 0x00 }, 0, 0, 0x00, 0x00, card_immolation, 0x00000000, 0x00000000, 0xFF, 0x0F, 0x01, 0x00, {0x01, 0x00, 0x00, 0x00} },
  { 0xE6, "Killer Bees", {0}, 0x02BA, 0x0000, 0x02, 0xFF, 0x08, { 0x02, 0x01, 0x00 }, 0, 1, 0x00, 0x00, card_killer_bees, 0x00000020, 0x00000019, 0xFF, 0x48, 0x01, 0x00, {0x02, 0x00, 0x00, 0x00} },
  { 0xE9, "Land Leeches", {0}, 0x0153, 0x0000, 0x02, 0xFF, 0x08, { 0x02, 0x01, 0x00 }, 2, 2, 0x00, 0x00, card_dummy, 0x00000100, 0x00000000, 0xFF, 0x08, 0x01, 0x00, {0} },
  { 0xFC, "Lost Soul", {0}, 0x02CF, 0x0000, 0x02, 0xFF, 0x02, { 0x02, 0x01, 0x00 }, 2, 1, 0x00, 0x00, card_dummy, 0x00000001, 0x00000000, 0xFF, 0x08, 0x01, 0x00, {0x01, 0x00, 0x00, 0x00} },
  { 0xF2, "Pikeman", {0}, 0x03AE, 0x0000, 0x02, 0xFF, 0x20, { 0x01, 0x01, 0x00 }, 1, 1, 0x00, 0x00, card_dummy, 0x00000140, 0x00000000, 0xFF, 0x08, 0x01, 0x00, {0x02, 0x00, 0x00, 0x00} },
  { 0xE5, "Seeker", {0}, 0x030D, 0x0000, 0x04, 0xFF, 0x20, { 0x02, 0x02, 0x00 }, 0, 0, 0x00, 0x00, card_seeker, 0x00000000, 0x00000000, 0xFF, 0x01, 0x01, 0x00, {0} },
  { 0xEA, "SegovianLev", {0}, 0x030E, 0x0000, 0x02, 0xFF, 0x04, { 0x01, 0x04, 0x00 }, 3, 3, 0x00, 0x00, card_dummy, 0x00000002, 0x00000000, 0xFF, 0x08, 0x01, 0x00, {0x01, 0x00, 0x00, 0x00} },
  { 0xF3, "SistersFlame", {0}, 0x0168, 0x0000, 0x02, 0xFF, 0x10, { 0x02, 0x01, 0x00 }, 2, 2, 0x00, 0x00, card_sisters_of_the_flame, 0x00000000, 0x00001000, 0xFF, 0xF8, 0x01, 0x00, {0} },
  { 0xF9, "TundraWolves", {0}, 0x033A, 0x0000, 0x02, 0xFF, 0x20, { 0x01, 0x00, 0x00 }, 1, 1, 0x00, 0x00, card_dummy, 0x00000100, 0x00000000, 0xFF, 0x08, 0x01, 0x00, {0x01, 0x00, 0x00, 0x00} },
  { 0xE8, "UncleIstvan", {0}, 0x017E, 0x0000, 0x02, 0xFF, 0x02, { 0x03, 0x01, 0x00 }, 1, 3, 0x00, 0x00, card_uncle_istvan, 0x00000000, 0x00000000, 0xFF, 0x08, 0x01, 0x00, {0} },
  { 0xF5, "SunkenCity", {0}, 0x016C, 0x0000, 0x04, 0xFF, 0x04, { 0x02, 0x00, 0x00 }, 0, 0, 0x00, 0x00, card_sunken_city, 0x00000000, 0x00000000, 0xFF, 0x01, 0x01, 0x00, {0} },
  { 0xF5, "BlueBattery", {0}, 0x0248, 0x0000, 0x40, 0xFF, 0x04, { 0x00, 0x04, 0x00 }, 0, 0, 0x00, 0x00, card_blue_mana_battery, 0x00000000, 0x00001021, 0xFF, 0xF8, 0x01, 0x00, {0xFF, 0xFF, 0xFF, 0xFF} },
  { 0xF5, "WhiteBattery", {0}, 0x0354, 0x0000, 0x40, 0xFF, 0x20, { 0x00, 0x04, 0x00 }, 0, 0, 0x00, 0x00, card_white_mana_battery, 0x00000000, 0x00001021, 0xFF, 0xF8, 0x01, 0x00, {0xFF, 0xFF, 0xFF, 0xFF} },
  { 0xF5, "BlackBattery", {0}, 0x0244, 0x0000, 0x40, 0xFF, 0x02, { 0x00, 0x04, 0x00 }, 0, 0, 0x00, 0x00, card_black_mana_battery, 0x00000000, 0x00001021, 0xFF, 0xF8, 0x01, 0x00, {0xFF, 0xFF, 0xFF, 0xFF} },
  { 0xF5, "RedBattery", {0}, 0x02FD, 0x0000, 0x40, 0xFF, 0x10, { 0x00, 0x04, 0x00 }, 0, 0, 0x00, 0x00, card_red_mana_battery, 0x00000000, 0x00001021, 0xFF, 0xF8, 0x01, 0x00, {0xFF, 0xFF, 0xFF, 0xFF} },
  { 0xF5, "GreenBattery", {0}, 0x0296, 0x0000, 0x40, 0xFF, 0x08, { 0x00, 0x04, 0x00 }, 0, 0, 0x00, 0x00, card_green_mana_battery, 0x00000000, 0x00001021, 0xFF, 0xF8, 0x01, 0x00, {0xFF, 0xFF, 0xFF, 0xFF} },
  { 0xEB, "ApprenticeWz", {0}, 0x012C, 0x0000, 0x02, 0xFF, 0x04, { 0x02, 0x01, 0x00 }, 0, 1, 0x00, 0x00, card_apprentice_wizard, 0x00000000, 0x00011001, 0xFF, 0xF8, 0x01, 0x00, {0} },
  { 0xE8, "Abomination", {0}, 0x0227, 0x0000, 0x02, 0xFF, 0x02, { 0x02, 0x03, 0x00 }, 2, 6, 0x00, 0x00, card_abomination, 0x00000000, 0x00000000, 0xFF, 0x08, 0x01, 0x00, {0x01, 0x00, 0x00, 0x00} },
  { 0xE9, "Venom", {0}, 0x017F, 0x0000, 0x04, 0xFF, 0x08, { 0x02, 0x01, 0x00 }, 0, 0, 0x00, 0x00, card_venom, 0x00000000, 0x00000000, 0xFF, 0x01, 0x01, 0x00, {0} },
  { 0xE5, "CyclopMummy", {0}, 0x025E, 0x0000, 0x02, 0xFF, 0x02, { 0x01, 0x01, 0x00 }, 2, 1, 0x00, 0x00, card_cyclopean_mummy, 0x00000000, 0x00000000, 0xFF, 0x08, 0x01, 0x00, {0x01, 0x00, 0x00, 0x00} },
  { 0xEE, "CosmicHorror", {0}, 0x0258, 0x0000, 0x02, 0xFF, 0x02, { 0x03, 0x03, 0x00 }, 7, 7, 0x00, 0x00, card_cosmic_horror, 0x00000100, 0x00000000, 0xFF, 0x08, 0x01, 0x00, {0xFF, 0xFF, 0xFF, 0xFF} },
  { 0xF2, "AngryMob", {0}, 0x0125, 0x0000, 0x02, 0xFF, 0x20, { 0x02, 0x02, 0x00 }, 16386, 16386, 0x00, 0x00, card_angry_mob, 0x00000080, 0x00000000, 0xFF, 0x18, 0x01, 0x00, {0xFF, 0xFF, 0xFF, 0xFF} },
  { 0xF2, "Blood Lust", {0}, 0x0247, 0x0000, 0x10, 0xFF, 0x10, { 0x01, 0x01, 0x00 }, 0, 0, 0x00, 0x00, card_blood_lust, 0x00000000, 0x00000200, 0xFF, 0x0F, 0x01, 0x00, {0x03, 0x00, 0x00, 0x00} },
  { 0xE4, "FortArea", {0}, 0x0282, 0x0000, 0x04, 0xFF, 0x20, { 0x02, 0x01, 0x00 }, 0, 0, 0x00, 0x00, card_fortified_area, 0x00000000, 0x00000000, 0xFF, 0x01, 0x01, 0x00, {0xFE, 0xFF, 0xFF, 0xFF} },
  { 0xF3, "AmrouKithkin", {0}, 0x0233, 0x0000, 0x02, 0xFF, 0x20, { 0x02, 0x00, 0x00 }, 1, 1, 0x00, 0x00, card_amrou_kithkin, 0x00000000, 0x00000000, 0xFF, 0x08, 0x01, 0x00, {0} },
  { 0xF0, "ElvenRiders", {0}, 0x026E, 0x0000, 0x02, 0xFF, 0x08, { 0x02, 0x03, 0x00 }, 3, 3, 0x00, 0x00, card_elven_riders, 0x00000000, 0x00000000, 0xFF, 0x08, 0x01, 0x00, {0x02, 0x00, 0x00, 0x00} },
  { 0xEB, "Visions", {0}, 0x0345, 0x0000, 0x08, 0xFF, 0x20, { 0x01, 0x00, 0x00 }, 0, 0, 0x00, 0x00, card_visions, 0x00000000, 0x00000000, 0xFF, 0x0F, 0x01, 0x00, {0xFF, 0xFF, 0xFF, 0xFF} },
  { 0xE7, "BallLightng", {0}, 0x0127, 0x0000, 0x02, 0xFF, 0x10, { 0x03, 0x00, 0x00 }, 6, 1, 0x00, 0x00, card_ball_lightning, 0x00000080, 0x00000000, 0xFF, 0x01, 0x01, 0x00, {0x01, 0x00, 0x00, 0x00} },
  { 0xE5, "PsionicEnt.", {0}, 0x02ED, 0x0000, 0x02, 0xFF, 0x04, { 0x01, 0x04, 0x00 }, 2, 2, 0x00, 0x00, card_psionic_entity, 0x00000000, 0x00000001, 0xFF, 0x88, 0x01, 0x00, {0} },
  { 0xF2, "Morale", {0}, 0x015B, 0x0000, 0x10, 0xFF, 0x20, { 0x02, 0x01, 0x00 }, 0, 0, 0x00, 0x00, card_morale, 0x00000000, 0x00000000, 0xFF, 0x04, 0x01, 0x00, {0} },
  { 0xE6, "CavePeople", {0}, 0x0132, 0x0000, 0x02, 0xFF, 0x10, { 0x02, 0x01, 0x00 }, 1, 4, 0x00, 0x00, card_cave_people, 0x00000000, 0x00000001, 0xFF, 0x18, 0x01, 0x00, {0x01, 0x00, 0x00, 0x00} },
  { 0xF4, "Blight", {0}, 0x0246, 0x0000, 0x04, 0xFF, 0x02, { 0x02, 0x00, 0x00 }, 0, 0, 0x00, 0x00, card_blight, 0x00000000, 0x00000000, 0xFF, 0x01, 0x01, 0x00, {0} },
  { 0xF2, "TheBrute", {0}, 0x032D, 0x0000, 0x04, 0xFF, 0x10, { 0x01, 0x01, 0x00 }, 0, 0, 0x00, 0x00, card_the_brute, 0x00000000, 0x00000001, 0xFF, 0xF1, 0x01, 0x00, {0xFF, 0xFF, 0xFF, 0xFF} },
  { 0xF2, "EternalWar", {0}, 0x0274, 0x0000, 0x04, 0xFF, 0x10, { 0x01, 0x00, 0x00 }, 0, 0, 0x00, 0x00, card_eternal_warrior, 0x00000000, 0x00000000, 0xFF, 0x01, 0x01, 0x00, {0xFF, 0xFF, 0xFF, 0xFF} },
  { 0xFC, "PradeshGyp", {0}, 0x02E9, 0x0000, 0x02, 0xFF, 0x08, { 0x01, 0x02, 0x00 }, 1, 1, 0x00, 0x00, card_pradesh_gypsies, 0x00000000, 0x00000001, 0xFF, 0x48, 0x01, 0x00, {0x01, 0x00, 0x00, 0x00} },
  { 0xF8, "Ashes2Ashes", {0}, 0x0126, 0x0000, 0x08, 0xFF, 0x02, { 0x02, 0x01, 0x00 }, 0, 0, 0x00, 0x00, card_ashes_to_ashes, 0x00000000, 0x00000000, 0xFF, 0x01, 0x01, 0x00, {0xFF, 0xFF, 0xFF, 0xFF} },
  { 0xE7, "Fissure", {0}, 0x0141, 0x0000, 0x10, 0xFF, 0x10, { 0x02, 0x03, 0x00 }, 0, 0, 0x00, 0x00, card_fissure, 0x00000000, 0x00000000, 0xFF, 0x0F, 0x01, 0x00, {0x01, 0x00, 0x00, 0x00} },
  { 0x02, "WindsOChange", {0}, 0x0356, 0x0000, 0x08, 0xFF, 0x10, { 0x01, 0x00, 0x00 }, 0, 0, 0x00, 0x00, card_winds_of_change, 0x00000000, 0x00000000, 0xFF, 0x0F, 0x01, 0x00, {0xFF, 0xFF, 0xFF, 0xFF} },
  { 0xFD, "WordOBinding", {0}, 0x0184, 0x0000, 0x08, 0xFF, 0x02, { 0x02, 0xFF, 0x00 }, 0, 0, 0x00, 0x00, card_word_of_binding, 0x00000000, 0x00000000, 0xFF, 0x01, 0x01, 0x00, {0x01, 0x00, 0x00, 0x00} },
  { 0xF5, "FellwarStone", {0}, 0x013E, 0x0000, 0x40, 0xFF, 0x00, { 0x00, 0x02, 0x00 }, 0, 0, 0x00, 0x00, card_fellwar_stone, 0x00000000, 0x08001000, 0xFF, 0xF8, 0x01, 0x00, {0xFF, 0xFF, 0xFF, 0xFF} },
  { 0xE7, "ManaClash", {0}, 0x0157, 0x0000, 0x08, 0xFF, 0x10, { 0x01, 0x00, 0x00 }, 0, 0, 0x00, 0x00, card_mana_clash, 0x00000000, 0x00000000, 0xFF, 0x08, 0x01, 0x00, {0xFE, 0xFF, 0xFF, 0xFF} },
  { 0xF4, "MarshViper", {0}, 0x03AB, 0x0000, 0x02, 0xFF, 0x08, { 0x01, 0x03, 0x00 }, 1, 2, 0x00, 0x00, card_marsh_viper, 0x00000000, 0x00000000, 0xFF, 0x08, 0x01, 0x00, {0xFF, 0xFF, 0xFF, 0xFF} },
  { 0xEC, "MindBomb", {0}, 0x015A, 0x0000, 0x08, 0xFF, 0x04, { 0x01, 0x00, 0x00 }, 0, 0, 0x00, 0x00, card_mind_bomb, 0x00000000, 0x00000000, 0xFF, 0x01, 0x01, 0x00, {0} },
  { 0xE3, "TimeElementl", {0}, 0x0331, 0x0000, 0x02, 0xFF, 0x04, { 0x01, 0x02, 0x00 }, 0, 2, 0x00, 0x00, card_time_elemental, 0x00000000, 0x00000001, 0xFF, 0xF8, 0x01, 0x00, {0x02, 0x00, 0x00, 0x00} },
  { 0xEF, "UntamedWilds", {0}, 0x033F, 0x0000, 0x08, 0xFF, 0x08, { 0x01, 0x02, 0x00 }, 0, 0, 0x00, 0x00, card_untamed_wilds, 0x00000000, 0x00000000, 0xFF, 0x0F, 0x01, 0x00, {0xFF, 0xFF, 0xFF, 0xFF} },
  { 0xEC, "Backfire", {0}, 0x023F, 0x0000, 0x04, 0xFF, 0x04, { 0x01, 0x00, 0x00 }, 0, 0, 0x00, 0x00, card_backfire, 0x00000000, 0x00000000, 0xFF, 0x08, 0x01, 0x00, {0xFF, 0xFF, 0xFF, 0xFF} },
  { 0xE6, "ElderLandWrm", {0}, 0x026C, 0x0000, 0x02, 0xFF, 0x20, { 0x03, 0x04, 0x00 }, 5, 5, 0x00, 0x00, card_elder_land_wurm, 0x00000080, 0x00000000, 0xFF, 0x08, 0x01, 0x00, {0xFF, 0xFF, 0xFF, 0xFF} },
  { 0xF7, "Erosion", {0}, 0x013A, 0x0000, 0x04, 0xFF, 0x04, { 0x03, 0x00, 0x00 }, 0, 0, 0x00, 0x00, card_erosion, 0x00000000, 0x00000001, 0xFF, 0x18, 0x01, 0x00, {0xFE, 0xFF, 0xFF, 0xFF} },
  { 0xF1, "Flood", {0}, 0x03A7, 0x0000, 0x04, 0xFF, 0x04, { 0x01, 0x00, 0x00 }, 0, 0, 0x00, 0x00, card_flood, 0x00000000, 0x00000001, 0xFF, 0x38, 0x01, 0x00, {0x01, 0x00, 0x00, 0x00} },
  { 0xFD, "Gaseous Form", {0}, 0x0285, 0x0000, 0x04, 0xFF, 0x04, { 0x01, 0x02, 0x00 }, 0, 0, 0x00, 0x00, card_gaseous_form, 0x00000000, 0x00000000, 0xFF, 0x01, 0x01, 0x00, {0} },
  { 0xFF, "GoblnRockSld", {0}, 0x03A9, 0x0000, 0x02, 0xFF, 0x10, { 0x01, 0x01, 0x00 }, 3, 1, 0x00, 0x00, card_goblin_rock_sled, 0x00000080, 0x00000000, 0xFF, 0x08, 0x01, 0x00, {0xFF, 0xFF, 0xFF, 0xFF} },
  { 0xEC, "Greed", {0}, 0x0295, 0x0000, 0x04, 0xFF, 0x02, { 0x01, 0x03, 0x00 }, 0, 0, 0x00, 0x00, card_greed, 0x00000000, 0x00000001, 0xFF, 0x11, 0x01, 0x00, {0xFE, 0xFF, 0xFF, 0xFF} },
  { 0xFC, "Kismet", {0}, 0x02BB, 0x0000, 0x04, 0xFF, 0x20, { 0x01, 0x03, 0x00 }, 0, 0, 0x00, 0x00, card_kismet, 0x00000000, 0x00000000, 0xFF, 0x08, 0x01, 0x00, {0xFE, 0xFF, 0xFF, 0xFF} },
  { 0xEA, "Leviathan", {0}, 0x0154, 0x0000, 0x02, 0xFF, 0x04, { 0x04, 0x05, 0x00 }, 10, 10, 0x00, 0x00, card_leviathan, 0x00000080, 0x00400000, 0xFF, 0x08, 0x01, 0x00, {0} },
  { 0xE5, "Murk Dweller", {0}, 0x0173, 0x0000, 0x02, 0xFF, 0x02, { 0x01, 0x03, 0x00 }, 2, 2, 0x00, 0x00, card_murk_dwellers, 0x00000000, 0x00000000, 0xFF, 0x08, 0x01, 0x00, {0} },
  { 0xE6, "Osai Vulture", {0}, 0x02E0, 0x0000, 0x02, 0xFF, 0x20, { 0x01, 0x01, 0x00 }, 1, 1, 0x00, 0x00, card_osai_vultures, 0x00000020, 0x00000021, 0xFF, 0x08, 0x01, 0x00, {0x01, 0x00, 0x00, 0x00} },
  { 0xE7, "Pyrotechnics", {0}, 0x02F0, 0x0000, 0x08, 0xFF, 0x10, { 0x01, 0x04, 0x00 }, 0, 0, 0x00, 0x00, card_pyrotechnics, 0x00000000, 0x00000000, 0xFF, 0x0F, 0x01, 0x00, {0x03, 0x00, 0x00, 0x00} },
  { 0xE3, "Relic Bind", {0}, 0x0300, 0x0000, 0x04, 0xFF, 0x04, { 0x01, 0x02, 0x00 }, 0, 0, 0x00, 0x00, card_relic_bind, 0x00000000, 0x00000000, 0xFF, 0x0F, 0x01, 0x00, {0xFF, 0xFF, 0xFF, 0xFF} },
  { 0xF0, "WhirlingDerv", {0}, 0x0353, 0x0000, 0x02, 0xFF, 0x08, { 0x02, 0x00, 0x00 }, 1, 1, 0x00, 0x00, card_whirling_dervish, 0x00000000, 0x00000000, 0xFF, 0x08, 0x01, 0x00, {0} },
  { 0xEC, "Winter Blast", {0}, 0x0357, 0x0000, 0x08, 0xFF, 0x08, { 0x01, 0xFF, 0x00 }, 0, 0, 0x00, 0x00, card_winter_blast, 0x00000000, 0x00000000, 0xFF, 0x01, 0x01, 0x00, {0x02, 0x00, 0x00, 0x00} },
  { 0xFE, "BrotherOFire", {0}, 0x0130, 0x0000, 0x02, 0xFF, 0x10, { 0x02, 0x01, 0x00 }, 2, 2, 0x00, 0x00, card_brothers_of_fire, 0x00000000, 0x00000001, 0xFF, 0xF1, 0x01, 0x00, {0x01, 0x00, 0x00, 0x00} },
  { 0xE7, "Energy Tap", {0}, 0x0272, 0x0000, 0x08, 0xFF, 0x04, { 0x01, 0x00, 0x00 }, 0, 0, 0x00, 0x00, card_energy_tap, 0x00000000, 0x00001000, 0xFF, 0x0F, 0x01, 0x00, {0xFF, 0xFF, 0xFF, 0xFF} },
  { 0xF4, "Marsh Gas", {0}, 0x016D, 0x0000, 0x10, 0xFF, 0x02, { 0x01, 0x00, 0x00 }, 0, 0, 0x00, 0x00, card_marsh_gas, 0x00000000, 0x00000000, 0xFF, 0x0F, 0x01, 0x00, {0x01, 0x00, 0x00, 0x00} },
  { 0xFC, "RadjanSpirit", {0}, 0x02F4, 0x0000, 0x02, 0xFF, 0x08, { 0x01, 0x03, 0x00 }, 3, 2, 0x00, 0x00, card_radjan_spirit, 0x00000000, 0x00000001, 0xFF, 0xF8, 0x01, 0x00, {0x02, 0x00, 0x00, 0x00} },
  { 0xF6, "SpiritShckle", {0}, 0x031B, 0x0000, 0x04, 0xFF, 0x02, { 0x02, 0x00, 0x00 }, 0, 0, 0x00, 0x00, card_spirit_shackle, 0x00000000, 0x00000000, 0xFF, 0x0F, 0x01, 0x00, {0x01, 0x00, 0x00, 0x00} },
  { 0xE9, "Pit Scorpion", {0}, 0x02E6, 0x0000, 0x02, 0xFF, 0x02, { 0x01, 0x02, 0x00 }, 1, 1, 0x00, 0x00, card_pit_scorpion, 0x00000000, 0x00000000, 0xFF, 0x08, 0x01, 0x00, {0} },
  { 0xFC, "Brainwash", {0}, 0x012F, 0x0000, 0x04, 0xFF, 0x20, { 0x01, 0x00, 0x00 }, 0, 0, 0x00, 0x00, card_brainwash, 0x00000000, 0x00400000, 0xFF, 0x08, 0x01, 0x00, {0} },
  { 0xF9, "CrimsonMant", {0}, 0x025C, 0x0000, 0x02, 0xFF, 0x10, { 0x02, 0x02, 0x00 }, 2, 2, 0x00, 0x00, card_crimson_manticore, 0x00000020, 0x00000001, 0xFF, 0x68, 0x01, 0x00, {0x01, 0x00, 0x00, 0x00} },
  { 0xF5, "SylvnLibrary", {0}, 0x0323, 0x0000, 0x04, 0xFF, 0x08, { 0x01, 0x01, 0x00 }, 0, 0, 0x00, 0x00, card_sylvan_library, 0x00000000, 0x00000001, 0xFF, 0xF8, 0x01, 0x00, {0x01, 0x00, 0x00, 0x00} },
  { 0xFC, "Land Tax", {0}, 0x02C6, 0x0000, 0x04, 0xFF, 0x20, { 0x01, 0x00, 0x00 }, 0, 0, 0x00, 0x00, card_land_tax, 0x00000000, 0x00000001, 0xFF, 0x18, 0x01, 0x00, {0x02, 0x00, 0x00, 0x00} },
  { 0xF3, "Rag Man", {0}, 0x03AF, 0x0000, 0x02, 0xFF, 0x02, { 0x02, 0x02, 0x00 }, 2, 1, 0x00, 0x00, card_rag_man, 0x00000000, 0x00000001, 0xFF, 0x18, 0x01, 0x00, {0} },
  { 0xEB, "Rebirth", {0}, 0x02FB, 0x0000, 0x08, 0xFF, 0x08, { 0x03, 0x03, 0x00 }, 0, 0, 0x00, 0x00, card_rebirth, 0x00000000, 0x00000000, 0xFF, 0x0F, 0x01, 0x00, {0} },
  { 0xF6, "TempestEfrt", {0}, 0x032A, 0x0000, 0x02, 0x05, 0x10, { 0x03, 0x01, 0x00 }, 3, 3, 0x00, 0x00, card_tempest_efreet, 0x00000000, 0x00000001, 0xFF, 0xF8, 0x01, 0x00, {0} },
  { 0xFB, "Shapeshifter", {0}, 0x020D, 0x0000, 0x42, 0xFF, 0x01, { 0x00, 0x06, 0x00 }, 16388, 16387, 0x00, 0x00, card_shapeshifter, 0x00000000, 0x00000001, 0xFF, 0x18, 0x01, 0x00, {0x02, 0x00, 0x00, 0x00} },
  { 0xFE, "Fog", {0}, 0x0058, 0x0000, 0x10, 0xFF, 0x08, { 0x01, 0x00, 0x00 }, 0, 0, 0x00, 0x00, card_fog, 0x00000000, 0x00000000, 0xFF, 0x07, 0x01, 0x00, {0x02, 0x00, 0x00, 0x00} },
  { 0x00, "Deathgrip", {0}, 0x003A, 0x0000, 0x04, 0xFF, 0x02, { 0x02, 0x00, 0x00 }, 0, 0, 0x00, 0x00, card_deathgrip, 0x00000000, 0x00004002, 0xFF, 0xF1, 0x01, 0x00, {0} },
  { 0xFA, "Tawnos'sWand", {0}, 0x0214, 0x0000, 0x40, 0xFF, 0x01, { 0x00, 0x04, 0x00 }, 0, 0, 0x00, 0x00, card_tawnos_s_wand, 0x00000000, 0x00000001, 0xFF, 0x11, 0x01, 0x00, {0x02, 0x00, 0x00, 0x00} },
  { 0xF0, "Wall of Dust", {0}, 0x0349, 0x0000, 0x02, 0x00, 0x10, { 0x01, 0x02, 0x00 }, 1, 4, 0x00, 0x00, card_wall_of_dust, 0x00000000, 0x00000000, 0xFF, 0x08, 0x01, 0x00, {0x01, 0x00, 0x00, 0x00} },
  { 0xFF, "BronzeTablet", {0}, 0x01DF, 0x0000, 0x40, 0xFF, 0x01, { 0x00, 0x06, 0x00 }, 0, 0, 0x00, 0x00, card_bronze_tablet, 0x00000000, 0x00000001, 0xFF, 0x11, 0x01, 0x00, {0x02, 0x00, 0x00, 0x00} },
  { 0xF9, "Tetravus", {0}, 0x0216, 0x0000, 0x42, 0xFF, 0x01, { 0x00, 0x06, 0x00 }, 1, 1, 0x00, 0x00, card_tetravus, 0x00000020, 0x00000021, 0xFF, 0x18, 0x01, 0x00, {0x02, 0x00, 0x00, 0x00} },
  { 0xF8, "TitaniasSong", {0}, 0x0218, 0x0000, 0x04, 0xFF, 0x08, { 0x01, 0x03, 0x00 }, 0, 0, 0x00, 0x00, card_titania_s_song, 0x00000000, 0x00000000, 0xFF, 0x0F, 0x01, 0x00, {0xFF, 0xFF, 0xFF, 0xFF} },
  { 0xFC, "Power Sink", {0}, 0x00BF, 0x0000, 0x20, 0xFF, 0x04, { 0x01, 0xFF, 0x00 }, 0, 0, 0x00, 0x00, card_power_sink, 0x00000000, 0x00022000, 0xFF, 0x0F, 0x01, 0x00, {0x03, 0x00, 0x00, 0x00} },
  { 0xFD, "Gloom", {0}, 0x0064, 0x0000, 0x04, 0xFF, 0x02, { 0x01, 0x02, 0x00 }, 0, 0, 0x00, 0x00, card_gloom, 0x00000000, 0x00000000, 0xFF, 0x0F, 0x01, 0x00, {0} },
  { 0xE5, "Oasis", {0}, 0x01BD, 0x0000, 0x01, 0xFF, 0x00, { 0x00, 0x00, 0x00 }, 0, 0, 0x00, 0x00, card_oasis, 0x00000000, 0x00000005, 0xFF, 0xF1, 0x01, 0x00, {0x01, 0x00, 0x00, 0x00} },
  { 0x00, "CrimsonKobolds", {0}, 0x025B, 0x0000, 0x02, 0xFF, 0x10, { 0x00, 0x00, 0x00 }, 0, 1, 0x00, 0x00, card_crimson_kobolds, 0x00000000, 0x00000000, 0xFF, 0x08, 0x10, 0x00, {0xFF, 0xFF, 0xFF, 0xFF} },
  { 0x00, "CrookKobolds", {0}, 0x025D, 0x0000, 0x02, 0xFF, 0x10, { 0x00, 0x00, 0x00 }, 0, 1, 0x00, 0x00, card_crimson_kobolds, 0x00000000, 0x00000000, 0xFF, 0x08, 0x10, 0x00, {0xFF, 0xFF, 0xFF, 0xFF} },
  { 0x00, "KoboldsOKher", {0}, 0x02C0, 0x0000, 0x02, 0xFF, 0x10, { 0x00, 0x00, 0x00 }, 0, 1, 0x00, 0x00, card_crimson_kobolds, 0x00000000, 0x00000000, 0xFF, 0x08, 0x10, 0x00, {0xFF, 0xFF, 0xFF, 0xFF} },
  { 0x00, "Mountain Yeti", {0}, 0x02DA, 0x0000, 0x02, 0xFF, 0x10, { 0x02, 0x02, 0x00 }, 3, 3, 0x00, 0x00, card_mountain_yeti, 0x00000008, 0x00000000, 0xFF, 0x08, 0x10, 0x00, {0x01, 0x00, 0x00, 0x00} },
  { 0x00, "Raging Bull", {0}, 0x02F5, 0x0000, 0x02, 0xFF, 0x10, { 0x01, 0x02, 0x00 }, 2, 2, 0x00, 0x00, card_dummy, 0x00000000, 0x00000000, 0xFF, 0x08, 0x10, 0x00, {0} },
  { 0x00, "Wall Of Earth", {0}, 0x034A, 0x0000, 0x02, 0x00, 0x10, { 0x01, 0x01, 0x00 }, 0, 6, 0x00, 0x00, card_dummy, 0x00000000, 0x00000000, 0xFF, 0x08, 0x10, 0x00, {0} },
  { 0x00, "Wall Of Heat", {0}, 0x034B, 0x0000, 0x02, 0x00, 0x10, { 0x01, 0x02, 0x00 }, 2, 6, 0x00, 0x00, card_dummy, 0x00000000, 0x00000000, 0xFF, 0x08, 0x10, 0x00, {0x01, 0x00, 0x00, 0x00} },
  { 0x00, "Goblin Hero", {0}, 0x014A, 0x0000, 0x02, 0x03, 0x10, { 0x01, 0x02, 0x00 }, 2, 2, 0x00, 0x00, card_dummy, 0x00000000, 0x00000000, 0xFF, 0x08, 0x08, 0x00, {0} },
  { 0x00, "Azure Drake", {0}, 0x023D, 0x0000, 0x02, 0xFF, 0x04, { 0x01, 0x03, 0x00 }, 2, 4, 0x00, 0x00, card_dummy, 0x00000020, 0x00000000, 0xFF, 0x08, 0x10, 0x00, {0x01, 0x00, 0x00, 0x00} },
  { 0x00, "Devouring Deep", {0}, 0x0264, 0x0000, 0x02, 0xFF, 0x04, { 0x01, 0x02, 0x00 }, 1, 2, 0x00, 0x00, card_dummy, 0x00000002, 0x00000000, 0xFF, 0x08, 0x10, 0x00, {0} },
  { 0x00, "Barbary Apes", {0}, 0x0240, 0x0000, 0x02, 0xFF, 0x08, { 0x01, 0x01, 0x00 }, 2, 2, 0x00, 0x00, card_dummy, 0x00000000, 0x00000000, 0xFF, 0x08, 0x10, 0x00, {0xFF, 0xFF, 0xFF, 0xFF} },
  { 0x00, "Cat Warriors", {0}, 0x024E, 0x0000, 0x02, 0xFF, 0x08, { 0x02, 0x01, 0x00 }, 2, 2, 0x00, 0x00, card_dummy, 0x00000004, 0x00000000, 0xFF, 0x08, 0x10, 0x00, {0x01, 0x00, 0x00, 0x00} },
  { 0x00, "Hornet Cobra", {0}, 0x02A2, 0x0000, 0x02, 0xFF, 0x08, { 0x02, 0x01, 0x00 }, 2, 1, 0x00, 0x00, card_dummy, 0x00000100, 0x00000000, 0xFF, 0x08, 0x10, 0x00, {0x01, 0x00, 0x00, 0x00} },
  { 0x00, "Moss Monster", {0}, 0x02D8, 0x0000, 0x02, 0xFF, 0x08, { 0x02, 0x03, 0x00 }, 3, 6, 0x00, 0x00, card_dummy, 0x00000000, 0x00000000, 0xFF, 0x08, 0x10, 0x00, {0xFF, 0xFF, 0xFF, 0xFF} },
  { 0x00, "HeadlessHMan", {0}, 0x029B, 0x0000, 0x02, 0xFF, 0x02, { 0x01, 0x02, 0x00 }, 2, 2, 0x00, 0x00, card_dummy, 0x00000000, 0x00000000, 0xFF, 0x08, 0x10, 0x00, {0} },
  { 0x00, "KeepersOFaith", {0}, 0x02B8, 0x0000, 0x02, 0xFF, 0x20, { 0x02, 0x01, 0x00 }, 2, 3, 0x00, 0x00, card_dummy, 0x00000000, 0x00000000, 0xFF, 0x08, 0x10, 0x00, {0} },
  { 0x00, "RighteousAvers", {0}, 0x0306, 0x0000, 0x02, 0xFF, 0x20, { 0x01, 0x04, 0x00 }, 3, 1, 0x00, 0x00, card_dummy, 0x00000010, 0x00000000, 0xFF, 0x08, 0x10, 0x00, {0} },
  { 0x00, "Thunder Spirit", {0}, 0x0330, 0x0000, 0x02, 0xFF, 0x20, { 0x02, 0x01, 0x00 }, 2, 2, 0x00, 0x00, card_dummy, 0x00000120, 0x00000000, 0xFF, 0x08, 0x10, 0x00, {0x02, 0x00, 0x00, 0x00} },
  { 0x00, "Wall Of Light", {0}, 0x034C, 0x0000, 0x02, 0x00, 0x20, { 0x01, 0x02, 0x00 }, 1, 5, 0x00, 0x00, card_wall_of_light, 0x00000000, 0x00000000, 0xFF, 0x08, 0x10, 0x00, {0x02, 0x00, 0x00, 0x00} },
  { 0x00, "KnightsOThorn", {0}, 0x0152, 0x0000, 0x02, 0xFF, 0x20, { 0x01, 0x03, 0x00 }, 2, 2, 0x00, 0x00, card_repentant_blacksmith, 0x00000040, 0x00000000, 0xFF, 0x08, 0x08, 0x00, {0x02, 0x00, 0x00, 0x00} },
  { 0x00, "Squire", {0}, 0x03B4, 0x0000, 0x02, 0xFF, 0x20, { 0x01, 0x01, 0x00 }, 1, 2, 0x00, 0x00, card_dummy, 0x00000000, 0x00000000, 0xFF, 0x08, 0x08, 0x00, {0xFE, 0xFF, 0xFF, 0xFF} },
  { 0x00, "Acid Rain", {0}, 0x0228, 0x0000, 0x08, 0xFF, 0x04, { 0x01, 0x03, 0x00 }, 0, 0, 0x00, 0x00, card_acid_rain, 0x00000000, 0x00000000, 0xFF, 0x0F, 0x10, 0x00, {0x02, 0x00, 0x00, 0x00} },
  { 0x00, "Darkness", {0}, 0x0261, 0x0000, 0x10, 0xFF, 0x02, { 0x01, 0x00, 0x00 }, 0, 0, 0x00, 0x00, card_fog, 0x00000000, 0x00000000, 0xFF, 0x07, 0x10, 0x00, {0} },
  { 0x00, "Holy Day", {0}, 0x02A0, 0x0000, 0x10, 0xFF, 0x20, { 0x01, 0x00, 0x00 }, 0, 0, 0x00, 0x00, card_fog, 0x00000000, 0x00000000, 0xFF, 0x07, 0x10, 0x00, {0} },
  { 0x00, "InfernalMedusa", {0}, 0x02AB, 0x0000, 0x02, 0xFF, 0x02, { 0x02, 0x03, 0x00 }, 2, 4, 0x00, 0x00, card_thicket_basilisk, 0x00000000, 0x00000000, 0xFF, 0x08, 0x10, 0x00, {0x03, 0x00, 0x00, 0x00} },
  { 0x00, "Lifeblood", {0}, 0x02CB, 0x0000, 0x04, 0xFF, 0x20, { 0x02, 0x02, 0x00 }, 0, 0, 0x00, 0x00, card_lifeblood, 0x00000000, 0x00000000, 0xFF, 0x01, 0x10, 0x00, {0x01, 0x00, 0x00, 0x00} },
  { 0x00, "Walking Dead", {0}, 0x0347, 0x0000, 0x02, 0xFF, 0x02, { 0x01, 0x01, 0x00 }, 1, 1, 0x00, 0x00, card_uthden_troll, 0x00000200, 0x00000001, 0xFF, 0xF8, 0x10, 0x00, {0x01, 0x00, 0x00, 0x00} },
  { 0x00, "Boomerang", {0}, 0x0249, 0x0000, 0x10, 0xFF, 0x04, { 0x02, 0x00, 0x00 }, 0, 0, 0x00, 0x00, card_boomerang, 0x00000000, 0x00000000, 0xFF, 0x0F, 0x10, 0x00, {0x02, 0x00, 0x00, 0x00} },
  { 0x00, "Cleanse", {0}, 0x0254, 0x0000, 0x08, 0xFF, 0x20, { 0x02, 0x02, 0x00 }, 0, 0, 0x00, 0x00, card_cleanse, 0x00000000, 0x00000000, 0xFF, 0x0F, 0x10, 0x00, {0x02, 0x00, 0x00, 0x00} },
  { 0x00, "DAvenantArcher", {0}, 0x025F, 0x0000, 0x02, 0xFF, 0x20, { 0x01, 0x02, 0x00 }, 1, 2, 0x00, 0x00, card_d_avenant_archer, 0x00000000, 0x00000001, 0xFF, 0x68, 0x10, 0x00, {0x01, 0x00, 0x00, 0x00} },
  { 0x00, "DivineOffering", {0}, 0x0267, 0x0000, 0x10, 0xFF, 0x20, { 0x01, 0x01, 0x00 }, 0, 0, 0x00, 0x00, card_divine_offering, 0x00000000, 0x00000000, 0xFF, 0x0F, 0x10, 0x00, {0} },
  { 0x00, "Exorcist", {0}, 0x013C, 0x0000, 0x02, 0xFF, 0x20, { 0x02, 0x00, 0x00 }, 1, 1, 0x00, 0x00, card_exorcist, 0x00000000, 0x00000001, 0xFF, 0xF8, 0x08, 0x00, {0x02, 0x00, 0x00, 0x00} },
  { 0x00, "Fallen Angel", {0}, 0x0277, 0x0000, 0x02, 0xFF, 0x02, { 0x02, 0x03, 0x00 }, 3, 3, 0x00, 0x00, card_fallen_angel, 0x00000020, 0x00000001, 0xFF, 0x48, 0x10, 0x00, {0x03, 0x00, 0x00, 0x00} },
  { 0x00, "FountainOYouth", {0}, 0x0144, 0x0000, 0x40, 0xFF, 0x01, { 0x00, 0x00, 0x00 }, 0, 0, 0x00, 0x00, card_fountain_of_youth, 0x00000000, 0x00000001, 0xFF, 0x81, 0x08, 0x00, {0x02, 0x00, 0x00, 0x00} },
  { 0x00, "GhostsODamned", {0}, 0x0287, 0x0000, 0x02, 0xFF, 0x02, { 0x02, 0x01, 0x00 }, 0, 2, 0x00, 0x00, card_ghosts_of_the_damned, 0x00000000, 0x00000001, 0xFF, 0x48, 0x10, 0x00, {0xFE, 0xFF, 0xFF, 0xFF} },
  { 0x00, "GoblinDigTeam", {0}, 0x03A8, 0x0000, 0x02, 0x03, 0x10, { 0x01, 0x00, 0x00 }, 1, 1, 0x00, 0x00, card_goblin_digging_team, 0x00000000, 0x00000001, 0xFF, 0x18, 0x08, 0x00, {0} },
  { 0x00, "Great Defender", {0}, 0x0292, 0x0000, 0x10, 0xFF, 0x20, { 0x01, 0x00, 0x00 }, 0, 0, 0x00, 0x00, card_great_defender, 0x00000000, 0x00000000, 0xFF, 0x0F, 0x10, 0x00, {0x01, 0x00, 0x00, 0x00} },
  { 0x00, "Hell Swarm", {0}, 0x029D, 0x0000, 0x10, 0xFF, 0x02, { 0x01, 0x00, 0x00 }, 0, 0, 0x00, 0x00, card_hell_swarm, 0x00000000, 0x00000000, 0xFF, 0x04, 0x10, 0x00, {0x01, 0x00, 0x00, 0x00} },
  { 0x00, "Inquisition", {0}, 0x0176, 0x0000, 0x08, 0xFF, 0x02, { 0x01, 0x02, 0x00 }, 0, 0, 0x00, 0x00, card_inquisition, 0x00000000, 0x00000000, 0xFF, 0x0F, 0x08, 0x00, {0x02, 0x00, 0x00, 0x00} },
  { 0x00, "Jovial Evil", {0}, 0x02B4, 0x0000, 0x08, 0xFF, 0x02, { 0x01, 0x02, 0x00 }, 0, 0, 0x00, 0x00, card_jovial_evil, 0x00000000, 0x00000000, 0xFF, 0x0F, 0x10, 0x00, {0x03, 0x00, 0x00, 0x00} },
  { 0x00, "MerfolkAssassn", {0}, 0x03AC, 0x0000, 0x02, 0x01, 0x04, { 0x02, 0x00, 0x00 }, 1, 2, 0x00, 0x00, card_merfolk_assassin, 0x00000000, 0x00000001, 0xFF, 0xF8, 0x08, 0x00, {0x01, 0x00, 0x00, 0x00} },
  { 0x00, "PeopleOWoods", {0}, 0x0143, 0x0000, 0x02, 0xFF, 0x08, { 0x02, 0x00, 0x00 }, 1, 16384, 0x00, 0x00, card_people_of_the_woods, 0x00000000, 0x00000000, 0xFF, 0x08, 0x08, 0x00, {0x02, 0x00, 0x00, 0x00} },
  { 0x00, "Relic Barrier", {0}, 0x02FF, 0x0000, 0x40, 0xFF, 0x01, { 0x00, 0x02, 0x00 }, 0, 0, 0x00, 0x00, card_relic_barrier, 0x00000000, 0x00000001, 0xFF, 0x11, 0x10, 0x00, {0xFF, 0xFF, 0xFF, 0xFF} },
  { 0x00, "Remove Soul", {0}, 0x0302, 0x0000, 0x20, 0xFF, 0x04, { 0x01, 0x01, 0x00 }, 0, 0, 0x00, 0x00, card_remove_soul, 0x00000000, 0x00002200, 0xFF, 0x0F, 0x10, 0x00, {0} },
  { 0x00, "Riptide", {0}, 0x0163, 0x0000, 0x10, 0xFF, 0x04, { 0x01, 0x00, 0x00 }, 0, 0, 0x00, 0x00, card_riptide, 0x00000000, 0x00000000, 0xFF, 0x03, 0x08, 0x00, {0} },
  { 0x00, "Scavenger Folk", {0}, 0x03B3, 0x0000, 0x02, 0xFF, 0x08, { 0x01, 0x00, 0x00 }, 1, 1, 0x00, 0x00, card_scavenger_folk, 0x00000000, 0x00000001, 0xFF, 0xF8, 0x08, 0x00, {0} },
  { 0x00, "Shield Wall", {0}, 0x0312, 0x0000, 0x10, 0xFF, 0x20, { 0x01, 0x01, 0x00 }, 0, 0, 0x00, 0x00, card_shield_wall, 0x00000000, 0x00000000, 0xFF, 0x0F, 0x10, 0x00, {0x01, 0x00, 0x00, 0x00} },
  { 0x00, "Spinal Villain", {0}, 0x0319, 0x0000, 0x02, 0xFF, 0x10, { 0x01, 0x02, 0x00 }, 1, 2, 0x00, 0x00, card_spinal_villain, 0x00000000, 0x00000001, 0xFF, 0xF8, 0x10, 0x00, {0x01, 0x00, 0x00, 0x00} },
  { 0x00, "Storm Seeker", {0}, 0x031E, 0x0000, 0x10, 0xFF, 0x08, { 0x01, 0x03, 0x00 }, 0, 0, 0x00, 0x00, card_storm_seeker, 0x00000000, 0x00000000, 0xFF, 0x0F, 0x10, 0x00, {0x03, 0x00, 0x00, 0x00} },
  { 0x00, "The Drowned", {0}, 0x0172, 0x0000, 0x02, 0x02, 0x04, { 0x01, 0x01, 0x00 }, 1, 1, 0x00, 0x00, card_drowned, 0x00000200, 0x00000001, 0xFF, 0xF8, 0x08, 0x00, {0} },
  { 0x00, "Typhoon", {0}, 0x033B, 0x0000, 0x08, 0xFF, 0x08, { 0x01, 0x02, 0x00 }, 0, 0, 0x00, 0x00, card_typhoon, 0x00000000, 0x00000000, 0xFF, 0x0F, 0x10, 0x00, {0x02, 0x00, 0x00, 0x00} },
  { 0x00, "WallOOppositn", {0}, 0x034D, 0x0000, 0x02, 0x00, 0x10, { 0x02, 0x03, 0x00 }, 0, 6, 0x00, 0x00, card_wall_of_opposition, 0x00000000, 0x00000019, 0xFF, 0x48, 0x10, 0x00, {0x02, 0x00, 0x00, 0x00} },
  { 0x00, "Water Wurm", {0}, 0x03B7, 0x0000, 0x02, 0xFF, 0x04, { 0x01, 0x00, 0x00 }, 1, 1, 0x00, 0x00, card_water_wurm, 0x00000000, 0x00000000, 0xFF, 0x08, 0x08, 0x00, {0xFE, 0xFF, 0xFF, 0xFF} },
  { 0x00, "Alchors Tomb", {0}, 0x0231, 0x0000, 0x40, 0xFF, 0x01, { 0x00, 0x04, 0x00 }, 0, 0, 0x00, 0x00, card_alchor_s_tomb, 0x00000000, 0x00000001, 0xFF, 0xF8, 0x10, 0x00, {0x01, 0x00, 0x00, 0x00} },
  { 0x00, "Angelic Voices", {0}, 0x0234, 0x0000, 0x04, 0xFF, 0x20, { 0x02, 0x02, 0x00 }, 0, 0, 0x00, 0x00, card_angelic_voices, 0x00000000, 0x00000000, 0xFF, 0x01, 0x10, 0x00, {0x03, 0x00, 0x00, 0x00} },
  { 0x00, "Banshee", {0}, 0x0128, 0x0000, 0x02, 0xFF, 0x02, { 0x02, 0x02, 0x00 }, 0, 1, 0x00, 0x00, card_banshee, 0x00000000, 0x00000001, 0xFF, 0xF8, 0x08, 0x00, {0x02, 0x00, 0x00, 0x00} },
  { 0x00, "BeastOBogardan", {0}, 0x0243, 0x0000, 0x02, 0xFF, 0x10, { 0x01, 0x04, 0x00 }, 3, 3, 0x00, 0x00, card_beasts_of_bogardan, 0x00000000, 0x00000000, 0xFF, 0x08, 0x10, 0x00, {0x02, 0x00, 0x00, 0x00} },
  { 0x00, "Bog Rats", {0}, 0x015E, 0x0000, 0x02, 0x07, 0x02, { 0x01, 0x00, 0x00 }, 1, 1, 0x00, 0x00, card_bog_rats, 0x00000000, 0x00000000, 0xFF, 0x08, 0x08, 0x00, {0x01, 0x00, 0x00, 0x00} },
  { 0x00, "Bone Flute", {0}, 0x012E, 0x0000, 0x40, 0xFF, 0x01, { 0x00, 0x03, 0x00 }, 0, 0, 0x00, 0x00, card_bone_flute, 0x00000000, 0x00000001, 0xFF, 0x48, 0x08, 0x00, {0} },
  { 0x00, "ElvesODeepShad", {0}, 0x0139, 0x0000, 0x02, 0xFF, 0x08, { 0x01, 0x00, 0x00 }, 1, 1, 0x00, 0x00, card_elves_of_deep_shadow, 0x00000000, 0x00001000, 0xFF, 0xF8, 0x08, 0x00, {0} },
  { 0x00, "Emerald Dfly", {0}, 0x026F, 0x0000, 0x02, 0xFF, 0x08, { 0x01, 0x01, 0x00 }, 1, 1, 0x00, 0x00, card_emerald_dragonfly, 0x00000020, 0x00000001, 0xFF, 0x58, 0x10, 0x00, {0x02, 0x00, 0x00, 0x00} },
  { 0x00, "Eternal Flame", {0}, 0x013B, 0x0000, 0x08, 0xFF, 0x10, { 0x02, 0x02, 0x00 }, 0, 0, 0x00, 0x00, card_eternal_flame, 0x00000000, 0x00000000, 0xFF, 0x0F, 0x08, 0x00, {0x01, 0x00, 0x00, 0x00} },
  { 0x00, "Fire Drake", {0}, 0x0140, 0x0000, 0x02, 0xFF, 0x10, { 0x02, 0x01, 0x00 }, 1, 2, 0x00, 0x00, card_fire_drake, 0x00000020, 0x00000009, 0xFF, 0x28, 0x08, 0x00, {0} },
  { 0x00, "Giant Turtle", {0}, 0x028A, 0x0000, 0x02, 0xFF, 0x08, { 0x02, 0x01, 0x00 }, 2, 4, 0x00, 0x00, card_giant_turtle, 0x00000000, 0x00000000, 0xFF, 0x08, 0x10, 0x00, {0} },
  { 0x00, "GrterRealmOPrs", {0}, 0x0294, 0x0000, 0x04, 0xFF, 0x20, { 0x01, 0x01, 0x00 }, 0, 0, 0x00, 0x00, card_greater_realm_of_preservation, 0x00000000, 0x00000005, 0xFF, 0xF1, 0x10, 0x00, {0x01, 0x00, 0x00, 0x00} },
  { 0x00, "Hidden Path", {0}, 0x014F, 0x0000, 0x04, 0xFF, 0x08, { 0x04, 0x02, 0x00 }, 0, 0, 0x00, 0x00, card_hidden_path, 0x00000000, 0x00000000, 0xFF, 0x01, 0x08, 0x00, {0x03, 0x00, 0x00, 0x00} },
  { 0x00, "Holy Light", {0}, 0x0177, 0x0000, 0x10, 0xFF, 0x20, { 0x01, 0x02, 0x00 }, 0, 0, 0x00, 0x00, card_holy_light, 0x00000000, 0x00000000, 0xFF, 0x0F, 0x08, 0x00, {0} },
  { 0x00, "IvoryGuardians", {0}, 0x02AE, 0x0000, 0x02, 0xFF, 0x20, { 0x02, 0x04, 0x00 }, 3, 3, 0x00, 0x00, card_ivory_guardians, 0x00000000, 0x00000000, 0xFF, 0x08, 0x10, 0x00, {0x02, 0x00, 0x00, 0x00} },
  { 0x00, "KoboldDSerge", {0}, 0x02BD, 0x0000, 0x02, 0xFF, 0x10, { 0x01, 0x01, 0x00 }, 1, 2, 0x00, 0x00, card_kobold_drill_sergeant, 0x00000000, 0x00000000, 0xFF, 0x01, 0x10, 0x00, {0x02, 0x00, 0x00, 0x00} },
  { 0x00, "KoboldOverlord", {0}, 0x02BE, 0x0000, 0x02, 0xFF, 0x10, { 0x01, 0x01, 0x00 }, 1, 2, 0x00, 0x00, card_kobold_overlord, 0x00000100, 0x00000000, 0xFF, 0x01, 0x10, 0x00, {0x03, 0x00, 0x00, 0x00} },
  { 0x00, "KoboldTmaster", {0}, 0x02BF, 0x0000, 0x02, 0xFF, 0x10, { 0x01, 0x01, 0x00 }, 1, 2, 0x00, 0x00, card_kobold_taskmaster, 0x00000000, 0x00000000, 0xFF, 0x01, 0x10, 0x00, {0x02, 0x00, 0x00, 0x00} },
  { 0x00, "Life Chisel", {0}, 0x02C9, 0x0000, 0x40, 0xFF, 0x01, { 0x00, 0x04, 0x00 }, 0, 0, 0x00, 0x00, card_life_chisel, 0x00000000, 0x00000001, 0xFF, 0xF8, 0x10, 0x00, {0x02, 0x00, 0x00, 0x00} },
  { 0x00, "Miracle Worker", {0}, 0x03AD, 0x0000, 0x02, 0xFF, 0x20, { 0x01, 0x00, 0x00 }, 1, 1, 0x00, 0x00, card_miracle_worker, 0x00000000, 0x00000001, 0xFF, 0xF8, 0x08, 0x00, {0x01, 0x00, 0x00, 0x00} },
  { 0x00, "Mold Demon", {0}, 0x02D7, 0x0000, 0x02, 0xFF, 0x02, { 0x02, 0x05, 0x00 }, 6, 6, 0x00, 0x00, card_mold_demon, 0x00000000, 0x00000000, 0xFF, 0x08, 0x10, 0x00, {0x02, 0x00, 0x00, 0x00} },
  { 0x00, "Pixie Queen", {0}, 0x02E7, 0x0000, 0x02, 0xFF, 0x08, { 0x02, 0x02, 0x00 }, 1, 1, 0x00, 0x00, card_pixie_queen, 0x00000020, 0x00000001, 0xFF, 0x38, 0x10, 0x00, {0x02, 0x00, 0x00, 0x00} },
  { 0x00, "Reset", {0}, 0x0303, 0x0000, 0x10, 0xFF, 0x04, { 0x02, 0x00, 0x00 }, 0, 0, 0x00, 0x00, card_reset, 0x00000000, 0x00000000, 0xFF, 0x0F, 0x10, 0x00, {0} },
  { 0x00, "Savaen Elves", {0}, 0x03B0, 0x0000, 0x02, 0xFF, 0x08, { 0x01, 0x00, 0x00 }, 1, 1, 0x00, 0x00, card_savaen_elves, 0x00000000, 0x00000001, 0xFF, 0xFF, 0x08, 0x00, {0x01, 0x00, 0x00, 0x00} },
  { 0x00, "SerpentGener", {0}, 0x0310, 0x0000, 0x40, 0xFF, 0x01, { 0x00, 0x06, 0x00 }, 0, 0, 0x00, 0x00, card_serpent_generator, 0x00000000, 0x00000001, 0xFF, 0xF1, 0x10, 0x00, {0x03, 0x00, 0x00, 0x00} },
  { 0x00, "SpiritualSanct", {0}, 0x031C, 0x0000, 0x04, 0xFF, 0x20, { 0x02, 0x02, 0x00 }, 0, 0, 0x00, 0x00, card_spiritual_sanctuary, 0x00000000, 0x00000001, 0xFF, 0x11, 0x10, 0x00, {0x01, 0x00, 0x00, 0x00} },
  { 0x00, "Syphon Soul", {0}, 0x0325, 0x0000, 0x08, 0xFF, 0x02, { 0x01, 0x02, 0x00 }, 0, 0, 0x00, 0x00, card_syphon_soul, 0x00000000, 0x00000000, 0xFF, 0x0F, 0x10, 0x00, {0} },
  { 0x00, "WallOTombstone", {0}, 0x0350, 0x0000, 0x02, 0x00, 0x02, { 0x01, 0x01, 0x00 }, 0, 1, 0x00, 0x00, card_wall_of_tombstones, 0x00000000, 0x00000000, 0xFF, 0x08, 0x10, 0x00, {0} },
  { 0x00, "War Barge", {0}, 0x0181, 0x0000, 0x40, 0xFF, 0x01, { 0x00, 0x04, 0x00 }, 0, 0, 0x00, 0x00, card_war_barge, 0x00000000, 0x00000001, 0xFF, 0xF1, 0x08, 0x00, {0} },
  { 0x00, "Witch Hunter", {0}, 0x0183, 0x0000, 0x02, 0xFF, 0x20, { 0x02, 0x02, 0x00 }, 1, 1, 0x00, 0x00, card_witch_hunter, 0x00000000, 0x00000001, 0xFF, 0xF8, 0x08, 0x00, {0x03, 0x00, 0x00, 0x00} },
  { 0x00, "AkronLegnnaire", {0}, 0x022E, 0x0000, 0x02, 0xFF, 0x20, { 0x02, 0x06, 0x00 }, 8, 4, 0x00, 0x00, card_akron_legionnaire, 0x00000000, 0x04000000, 0xFF, 0x08, 0x10, 0x00, {0x01, 0x00, 0x00, 0x00} },
  { 0x00, "Amnesia", {0}, 0x0124, 0x0000, 0x08, 0xFF, 0x04, { 0x03, 0x03, 0x00 }, 0, 0, 0x00, 0x00, card_amnesia, 0x00000000, 0x00000000, 0xFF, 0x0F, 0x08, 0x00, {0x02, 0x00, 0x00, 0x00} },
  { 0x00, "Barl's Cage", {0}, 0x0129, 0x0000, 0x40, 0xFF, 0x01, { 0x00, 0x04, 0x00 }, 0, 0, 0x00, 0x00, card_barl_s_cage, 0x00000000, 0x00000001, 0xFF, 0xF1, 0x08, 0x00, {0} },
  { 0x00, "Blood Moon", {0}, 0x012B, 0x0000, 0x04, 0xFF, 0x10, { 0x01, 0x02, 0x00 }, 0, 0, 0x00, 0x00, card_blood_moon, 0x00000000, 0x00000000, 0xFF, 0x0F, 0x08, 0x00, {0x03, 0x00, 0x00, 0x00} },
  { 0x00, "Book Of Rass", {0}, 0x0161, 0x0000, 0x40, 0xFF, 0x01, { 0x00, 0x06, 0x00 }, 0, 0, 0x00, 0x00, card_book_of_rass, 0x00000000, 0x00000001, 0xFF, 0xF1, 0x08, 0x00, {0xFE, 0xFF, 0xFF, 0xFF} },
  { 0x00, "Coal Golem", {0}, 0x0134, 0x0000, 0x42, 0xFF, 0x01, { 0x00, 0x05, 0x00 }, 3, 3, 0x00, 0x00, card_coal_golem, 0x00000000, 0x00011001, 0xFF, 0xFF, 0x08, 0x00, {0x01, 0x00, 0x00, 0x00} },
  { 0x00, "Elder Spawn", {0}, 0x026D, 0x0000, 0x02, 0xFF, 0x04, { 0x03, 0x04, 0x00 }, 6, 6, 0x00, 0x00, card_elder_spawn, 0x00000000, 0x00000000, 0xFF, 0x08, 0x10, 0x00, {0x01, 0x00, 0x00, 0x00} },
  { 0x00, "Fire Sprites", {0}, 0x027B, 0x0000, 0x02, 0xFF, 0x08, { 0x01, 0x01, 0x00 }, 1, 1, 0x00, 0x00, card_fire_sprites, 0x00000020, 0x00011001, 0xFF, 0xF8, 0x10, 0x00, {0x01, 0x00, 0x00, 0x00} },
  { 0x00, "Force Spike", {0}, 0x0280, 0x0000, 0x20, 0xFF, 0x04, { 0x01, 0x00, 0x00 }, 0, 0, 0x00, 0x00, card_force_spike, 0x00000000, 0x00002000, 0xFF, 0x0F, 0x10, 0x00, {0xFE, 0xFF, 0xFF, 0xFF} },
  { 0x00, "GoblinsOFlarg", {0}, 0x014C, 0x0000, 0x02, 0x03, 0x10, { 0x01, 0x00, 0x00 }, 1, 1, 0x00, 0x00, card_goblins_of_the_flarg, 0x00000008, 0x00000000, 0xFF, 0x08, 0x08, 0x00, {0} },
  { 0x00, "HyperionBsmith", {0}, 0x02A5, 0x0000, 0x02, 0xFF, 0x10, { 0x02, 0x01, 0x00 }, 2, 2, 0x00, 0x00, card_hyperion_blacksmith, 0x00000000, 0x00000001, 0xFF, 0xF8, 0x10, 0x00, {0} },
  { 0x00, "Martyr's Cry", {0}, 0x0159, 0x0000, 0x08, 0xFF, 0x20, { 0x02, 0x00, 0x00 }, 0, 0, 0x00, 0x00, card_martyr_s_cry, 0x00000000, 0x00000000, 0xFF, 0x0F, 0x08, 0x00, {0xFF, 0xFF, 0xFF, 0xFF} },
  { 0x00, "Moat", {0}, 0x02D6, 0x0000, 0x04, 0xFF, 0x20, { 0x02, 0x02, 0x00 }, 0, 0, 0x00, 0x00, card_moat, 0x00000000, 0x04000000, 0xFF, 0x0F, 0x10, 0x00, {0x03, 0x00, 0x00, 0x00} },
  { 0x00, "Rabid Wombat", {0}, 0x02F3, 0x0000, 0x02, 0xFF, 0x08, { 0x02, 0x02, 0x00 }, 0, 1, 0x00, 0x00, card_rabid_wombat, 0x00000000, 0x00000000, 0xFF, 0x08, 0x10, 0x00, {0x03, 0x00, 0x00, 0x00} },
  { 0x00, "Tracker", {0}, 0x017C, 0x0000, 0x02, 0xFF, 0x08, { 0x01, 0x02, 0x00 }, 2, 2, 0x00, 0x00, card_tracker, 0x00000000, 0x00000001, 0xFF, 0xF8, 0x08, 0x00, {0x02, 0x00, 0x00, 0x00} },
  { 0x00, "WallOfWonder", {0}, 0x0352, 0x0000, 0x02, 0x00, 0x04, { 0x02, 0x02, 0x00 }, 1, 5, 0x00, 0x00, card_wall_of_wonder, 0x00000000, 0x00000009, 0xFF, 0x38, 0x10, 0x00, {0x03, 0x00, 0x00, 0x00} },
  { 0x00, "Wormwood Tfolk", {0}, 0x0185, 0x0000, 0x02, 0xFF, 0x08, { 0x02, 0x03, 0x00 }, 4, 4, 0x00, 0x00, card_wormwood_treefolk, 0x00000000, 0x00000001, 0xFF, 0x18, 0x08, 0x00, {0x03, 0x00, 0x00, 0x00} },
  { 0xE4, "AssemblyWrkr", {0}, 0x038E, 0x0000, 0x43, 0xFF, 0x01, { 0x00, 0x00, 0x00 }, 2, 2, 0x00, 0x00, card_assembly_worker, 0x00000000, 0x00001001, 0xFF, 0x0F, 0x01, 0x00, {0} },
  { 0xE5, "GiantWasp", {0}, 0x0375, 0x0000, 0x42, 0xFF, 0x01, { 0x00, 0x00, 0x00 }, 1, 1, 0x00, 0x00, card_dummy, 0x00000020, 0x00000000, 0xFF, 0x0F, 0x01, 0x00, {0} },
  { 0xFE, "BottleDjinn", {0}, 0x037A, 0x0000, 0x42, 0xFF, 0x01, { 0x00, 0x00, 0x00 }, 5, 5, 0x00, 0x00, card_dummy, 0x00000020, 0x00000000, 0xFF, 0x0F, 0x01, 0x00, {0} },
  { 0xE8, "SpawnofAzar", {0}, 0x0384, 0x0000, 0x02, 0xFF, 0x02, { 0x00, 0x00, 0x00 }, 1, 1, 0x00, 0x00, card_dummy, 0x00000001, 0x00000000, 0xFF, 0x0F, 0x01, 0x00, {0} },
  { 0xE8, "XCyclopean", {0}, 0x0386, 0x0000, 0x80, 0xFF, 0x01, { 0x00, 0x00, 0x00 }, 0, 0, 0x00, 0x00, card_x_cyclopean, 0x00000000, 0x00000000, 0xFF, 0x0F, 0x01, 0x00, {0} },
  { 0xE8, "Tetravite", {0}, 0x037B, 0x0000, 0x42, 0xFF, 0x01, { 0x00, 0x00, 0x00 }, 1, 1, 0x00, 0x00, card_tetravite, 0x00000020, 0x00000000, 0xFF, 0x0F, 0x01, 0x00, {0} },
  { 0xE5, "Rukh", {0}, 0x037C, 0x0000, 0x02, 0xFF, 0x10, { 0x00, 0x00, 0x00 }, 4, 4, 0x00, 0x00, card_dummy, 0x00000020, 0x00000000, 0xFF, 0x0F, 0x01, 0x00, {0} },
  { 0xE8, "PoisonSnake", {0}, 0x0377, 0x0000, 0x42, 0xFF, 0x01, { 0x00, 0x00, 0x00 }, 1, 1, 0x00, 0x00, card_poison_snake, 0x00000000, 0x00000000, 0xFF, 0x0F, 0x10, 0x00, {0} },
  { 0xE8, "Dummy", {0}, 0x0394, 0x0000, 0x42, 0xFF, 0x01, { 0x00, 0x00, 0x00 }, 1, 1, 0x00, 0x00, card_dummy, 0x00000000, 0x00000000, 0xFF, 0x0F, 0x01, 0x00, {0} },
  { 0xE8, "Dummy", {0}, 0x0394, 0x0000, 0x42, 0xFF, 0x01, { 0x00, 0x00, 0x00 }, 1, 1, 0x00, 0x00, card_dummy, 0x00000000, 0x00000000, 0xFF, 0x0F, 0x01, 0x00, {0} },
  { 0xE8, "Dummy", {0}, 0x0394, 0x0000, 0x42, 0xFF, 0x01, { 0x00, 0x00, 0x00 }, 1, 1, 0x00, 0x00, card_dummy, 0x00000000, 0x00000000, 0xFF, 0x0F, 0x01, 0x00, {0} },
  { 0xE8, "DataCard", {0}, 0x038D, 0x0000, 0x00, 0xFF, 0x01, { 0x00, 0x00, 0x00 }, 0, 0, 0x00, 0x00, card_data_card, 0x00000000, 0x00000000, 0xFF, 0x00, 0x00, 0x00, {0} },
  { 0xEC, "Damage", {0}, 0x0385, 0x0000, 0x80, 0xFF, 0x01, { 0x00, 0x00, 0x00 }, 0, 0, 0x00, 0x00, card_damage, 0x00000000, 0x00000000, 0xFF, 0x0F, 0x01, 0x00, {0} },
  { 0xEC, "PowerUp", {0}, 0x0387, 0x0000, 0x80, 0xFF, 0x01, { 0x00, 0x00, 0x00 }, 0, 0, 0x00, 0x00, card_power_up, 0x00000000, 0x00000000, 0xFF, 0x0F, 0x01, 0x00, {0} },
  { 0xEC, "Unblockable", {0}, 0x0387, 0x0000, 0x80, 0xFF, 0x01, { 0x00, 0x00, 0x00 }, 0, 0, 0x00, 0x00, card_unblockable, 0x00000000, 0x00000000, 0xFF, 0x0F, 0x01, 0x00, {0} },
  { 0xEC, "AddAbility", {0}, 0x0387, 0x0000, 0x80, 0xFF, 0x01, { 0x00, 0x00, 0x00 }, 0, 0, 0x00, 0x00, card_add_ability, 0x00000000, 0x00000000, 0xFF, 0x0F, 0x01, 0x00, {0} },
  { 0xEC, "Sleighted", {0}, 0x0386, 0x0000, 0x80, 0xFF, 0x01, { 0x00, 0x00, 0x00 }, 0, 0, 0x00, 0x00, card_dummy, 0x00000000, 0x00000000, 0xFF, 0x0F, 0x01, 0x00, {0} },
  { 0xEC, "Hacked", {0}, 0x0386, 0x0000, 0x80, 0xFF, 0x01, { 0x00, 0x00, 0x00 }, 0, 0, 0x00, 0x00, card_dummy, 0x00000000, 0x00000000, 0xFF, 0x0F, 0x01, 0x00, {0} },
  { 0xEC, "Stoning", {0}, 0x0387, 0x0000, 0x80, 0xFF, 0x01, { 0x00, 0x00, 0x00 }, 0, 0, 0x00, 0x00, card_stoning, 0x00000000, 0x00000000, 0xFF, 0x0F, 0x01, 0x00, {0} },
  { 0xEC, "TakeAbility", {0}, 0x0387, 0x0000, 0x80, 0xFF, 0x01, { 0x00, 0x00, 0x00 }, 0, 0, 0x00, 0x00, card_take_ability, 0x00000000, 0x00000000, 0xFF, 0x0F, 0x01, 0x00, {0} },
  { 0xEC, "NoAttack", {0}, 0x0387, 0x0000, 0x80, 0xFF, 0x01, { 0x00, 0x00, 0x00 }, 0, 0, 0x00, 0x00, card_no_attack, 0x00000000, 0x00000000, 0xFF, 0x0F, 0x01, 0x00, {0} },
  { 0xEC, "DrawCard", {0}, 0x0388, 0x0000, 0x80, 0xFF, 0x01, { 0x00, 0x00, 0x00 }, 0, 0, 0x00, 0x00, card_draw_card, 0x00000000, 0x00000001, 0xFF, 0xFF, 0x01, 0x00, {0} },
  { 0xEC, "Hunting", {0}, 0x0389, 0x0000, 0x80, 0xFF, 0x01, { 0x00, 0x00, 0x00 }, 0, 0, 0x00, 0x00, card_dummy, 0x00000000, 0x00000000, 0xFF, 0x0F, 0x01, 0x00, {0} },
  { 0xEC, "Polka", {0}, 0x0387, 0x0000, 0x80, 0xFF, 0x01, { 0x00, 0x00, 0x00 }, 0, 0, 0x00, 0x00, card_polka, 0x00000000, 0x00000000, 0xFF, 0x0F, 0x01, 0x00, {0} },
  { 0xEC, "MarshGas", {0}, 0x0387, 0x0000, 0x80, 0xFF, 0x01, { 0x00, 0x00, 0x00 }, 0, 0, 0x00, 0x00, card_marsh_gas_1, 0x00000000, 0x00000000, 0xFF, 0x0F, 0x01, 0x00, {0} },
  { 0xEC, "FogEffect", {0}, 0x0387, 0x0000, 0x80, 0xFF, 0x01, { 0x00, 0x00, 0x00 }, 0, 0, 0x00, 0x00, card_fog_effect, 0x00000000, 0x00000000, 0xFF, 0x0F, 0x01, 0x00, {0} },
  { 0xEC, "Channel", {0}, 0x0386, 0x0000, 0x80, 0xFF, 0x01, { 0x00, 0x00, 0x00 }, 0, 0, 0x00, 0x00, card_channel_1, 0x00000000, 0x00001000, 0xFF, 0x0F, 0x01, 0x00, {0} },
  { 0xEC, "Generic", {0}, 0x0387, 0x0000, 0x80, 0xFF, 0x01, { 0x00, 0x00, 0x00 }, 0, 0, 0x00, 0x00, card_generic, 0x00000000, 0x00000000, 0xFF, 0x0F, 0x01, 0x00, {0} },
  { 0xEC, "Asp Sting", {0}, 0x0386, 0x0000, 0x80, 0xFF, 0x01, { 0x00, 0x00, 0x00 }, 0, 0, 0x00, 0x00, card_asp_sting, 0x00000000, 0x00000001, 0xFF, 0xFF, 0x01, 0x00, {0} },
  { 0xEC, "NetherLink", {0}, 0x0386, 0x0000, 0x80, 0xFF, 0x01, { 0x00, 0x00, 0x00 }, 0, 0, 0x00, 0x00, card_nether_link, 0x00000000, 0x00000000, 0xFF, 0x0F, 0x01, 0x00, {0} },
  { 0xEC, "Graveyard", {0}, 0x0386, 0x0000, 0x80, 0xFF, 0x01, { 0x00, 0x00, 0x00 }, 0, 0, 0x00, 0x00, card_graveyard, 0x00000000, 0x00000000, 0xFF, 0x0F, 0x01, 0x00, {0} },
  { 0xEC, "Activation", {0}, 0x038A, 0x0000, 0x80, 0xFF, 0x01, { 0x00, 0x00, 0x00 }, 0, 0, 0x00, 0x00, card_activation, 0x00000000, 0x00000000, 0xFF, 0x0F, 0x01, 0x00, {0} },
  { 0xEC, "PoltergeistFX", {0}, 0x0387, 0x0000, 0x80, 0xFF, 0x01, { 0x00, 0x00, 0x00 }, 0, 0, 0x00, 0x00, card_poltergeist_FX, 0x00000000, 0x00000000, 0xFF, 0x0F, 0x01, 0x00, {0} },
  { 0xEC, "EbonyHorseFX", {0}, 0x0387, 0x0000, 0x80, 0xFF, 0x01, { 0x00, 0x00, 0x00 }, 0, 0, 0x00, 0x00, card_ebony_horse_FX, 0x00000000, 0x00000000, 0xFF, 0x0F, 0x01, 0x00, {0} },
  { 0xEC, "TitaniasLeg", {0}, 0x0386, 0x0000, 0x80, 0xFF, 0x01, { 0x00, 0x00, 0x00 }, 0, 0, 0x00, 0x00, card_titanias_leg, 0x00000000, 0x00000000, 0xFF, 0x0F, 0x01, 0x00, {0} },
  { 0xEC, "DisintegrtFX", {0}, 0x0387, 0x0000, 0x80, 0xFF, 0x01, { 0x00, 0x00, 0x00 }, 0, 0, 0x00, 0x00, card_disintegrt_FX, 0x00000000, 0x00000000, 0xFF, 0x0F, 0x01, 0x00, {0} },
  { 0xEC, "SirensCallFX", {0}, 0x0387, 0x0000, 0x80, 0xFF, 0x01, { 0x00, 0x00, 0x00 }, 0, 0, 0x00, 0x00, card_sirens_call_FX, 0x00000000, 0x00000000, 0xFF, 0x0F, 0x01, 0x00, {0} },
  { 0xEC, "Damage Legacy", {0}, 0x0386, 0x0000, 0x80, 0xFF, 0x01, { 0x00, 0x00, 0x00 }, 0, 0, 0x00, 0x00, card_damage_legacy, 0x00000000, 0x00000000, 0xFF, 0x0F, 0x01, 0x00, {0} },
  { 0xEC, "AsteriskFX", {0}, 0x0387, 0x0000, 0x80, 0xFF, 0x01, { 0x00, 0x00, 0x00 }, 0, 0, 0x00, 0x00, card_asterisk_FX, 0x00000000, 0x00000000, 0xFF, 0x0F, 0x01, 0x00, {0} },
  { 0xEC, "PiggyFX", {0}, 0x0387, 0x0000, 0x80, 0xFF, 0x01, { 0x00, 0x00, 0x00 }, 0, 0, 0x00, 0x00, card_piggy_FX, 0x00000000, 0x00000000, 0xFF, 0x0F, 0x01, 0x00, {0} },
  { 0xEC, "TElementalFX", {0}, 0x0387, 0x0000, 0x80, 0xFF, 0x01, { 0x00, 0x00, 0x00 }, 0, 0, 0x00, 0x00, card_t_elemental_FX, 0x00000000, 0x00000000, 0xFF, 0x0F, 0x01, 0x00, {0} },
  { 0xEC, "RukhEggFX", {0}, 0x0387, 0x0000, 0x80, 0xFF, 0x01, { 0x00, 0x00, 0x00 }, 0, 0, 0x00, 0x00, card_rukh_egg_FX, 0x00000000, 0x00000000, 0xFF, 0x0F, 0x01, 0x00, {0} },
  { 0xEC, "NettlingImpFX", {0}, 0x0387, 0x0000, 0x80, 0xFF, 0x01, { 0x00, 0x00, 0x00 }, 0, 0, 0x00, 0x00, card_nettling_imp_FX, 0x00000000, 0x00000000, 0xFF, 0x0F, 0x01, 0x00, {0} },
  { 0xEC, "ErhnamDjinnFX", {0}, 0x0387, 0x0000, 0x80, 0xFF, 0x01, { 0x00, 0x00, 0x00 }, 0, 0, 0x00, 0x00, card_erhnam_djinn_FX, 0x00000000, 0x00000000, 0xFF, 0x0F, 0x01, 0x00, {0} },
  { 0xEC, "DesertFX", {0}, 0x0387, 0x0000, 0x80, 0xFF, 0x01, { 0x00, 0x00, 0x00 }, 0, 0, 0x00, 0x00, card_desert_FX, 0x00000000, 0x00000000, 0xFF, 0x0F, 0x01, 0x00, {0} },
  { 0xEC, "PGremlinFX", {0}, 0x0387, 0x0000, 0x80, 0xFF, 0x01, { 0x00, 0x00, 0x00 }, 0, 0, 0x00, 0x00, card_p_gremlin_FX, 0x00000000, 0x00000000, 0xFF, 0x0F, 0x01, 0x00, {0} },
  { 0xEC, "XmorgrantFX", {0}, 0x0387, 0x0000, 0x80, 0xFF, 0x01, { 0x00, 0x00, 0x00 }, 0, 0, 0x00, 0x00, card_xmorgrant_FX, 0x00000000, 0x00000000, 0xFF, 0x0F, 0x01, 0x00, {0} },
  { 0xEC, "CTombFX", {0}, 0x0387, 0x0000, 0x80, 0xFF, 0x01, { 0x00, 0x00, 0x00 }, 0, 0, 0x00, 0x00, card_c_tomb_FX, 0x00000000, 0x00000000, 0xFF, 0x0F, 0x01, 0x00, {0} },
  { 0xEC, "GuardianFX", {0}, 0x0387, 0x0000, 0x80, 0xFF, 0x01, { 0x00, 0x00, 0x00 }, 0, 0, 0x00, 0x00, card_guardian_FX, 0x00000000, 0x00000005, 0xFF, 0xFF, 0x01, 0x00, {0} },
  { 0xEC, "IfhBiffFX", {0}, 0x0386, 0x0000, 0x80, 0xFF, 0x01, { 0x00, 0x00, 0x00 }, 0, 0, 0x00, 0x00, card_ifh_biff_efreet, 0x00000000, 0x00000001, 0xFF, 0x8F, 0x01, 0x00, {0} },
  { 0xEC, "SewerFX", {0}, 0x0387, 0x0000, 0x80, 0xFF, 0x01, { 0x00, 0x00, 0x00 }, 0, 0, 0x00, 0x00, card_sewer_FX, 0x00000000, 0x00000000, 0xFF, 0x04, 0x01, 0x00, {0} },
  { 0xEC, "ControlFX", {0}, 0x0387, 0x0000, 0x80, 0xFF, 0x01, { 0x00, 0x00, 0x00 }, 0, 0, 0x00, 0x00, card_control_FX, 0x00000000, 0x00000000, 0xFF, 0x0F, 0x01, 0x00, {0} },
  { 0xEC, "LivingLandFX", {0}, 0x0387, 0x0000, 0x80, 0xFF, 0x01, { 0x00, 0x00, 0x00 }, 0, 0, 0x00, 0x00, card_living_land_FX, 0x00000000, 0x00000000, 0xFF, 0x0F, 0x01, 0x00, {0} },
  { 0xEC, "BlazeFX", {0}, 0x0387, 0x0000, 0x80, 0xFF, 0x01, { 0x00, 0x00, 0x00 }, 0, 0, 0x00, 0x00, card_blaze_FX, 0x00000000, 0x00000000, 0xFF, 0x0F, 0x01, 0x00, {0} },
  { 0xEC, "RiverFX", {0}, 0x0387, 0x0000, 0x80, 0xFF, 0x01, { 0x00, 0x00, 0x00 }, 0, 0, 0x00, 0x00, card_river_FX, 0x00000000, 0x00000000, 0xFF, 0x0F, 0x01, 0x00, {0} },
  { 0xEC, "BeastFX", {0}, 0x0387, 0x0000, 0x80, 0xFF, 0x01, { 0x00, 0x00, 0x00 }, 0, 0, 0x00, 0x00, card_beast_FX, 0x00000000, 0x00000000, 0xFF, 0x0F, 0x01, 0x00, {0} },
  { 0x00, "TransmuteFX", {0}, 0x0387, 0x0000, 0x80, 0xFF, 0x01, { 0x00, 0x00, 0x00 }, 0, 0, 0x00, 0x00, card_transmute_FX, 0x00000000, 0x00000000, 0xFF, 0x0F, 0x10, 0x00, {0} },
  { 0xFF, "Dummy", {0}, 0xFFFF, 0xFFFF, 0x00, 0xFF, 0x01, { 0x00, 0x00, 0x00 }, 0, 0, 0x00, 0x00, card_dummy, 0x00000000, 0x00000000, 0xFF, 0x0F, 0x01, 0x00, {0} },
  { 0xFF, "Dummy", {0}, 0xFFFF, 0xFFFF, 0x00, 0xFF, 0x01, { 0x00, 0x00, 0x00 }, 0, 0, 0x00, 0x00, card_dummy, 0x00000000, 0x00000000, 0xFF, 0x0F, 0x01, 0x00, {0} },
  { 0xFF, "Dummy", {0}, 0xFFFF, 0xFFFF, 0x00, 0xFF, 0x01, { 0x00, 0x00, 0x00 }, 0, 0, 0x00, 0x00, card_dummy, 0x00000000, 0x00000000, 0xFF, 0x0F, 0x01, 0x00, {0} },
  { 0xFF, "Dummy", {0}, 0xFFFF, 0xFFFF, 0x00, 0xFF, 0x01, { 0x00, 0x00, 0x00 }, 0, 0, 0x00, 0x00, card_dummy, 0x00000000, 0x00000000, 0xFF, 0x0F, 0x01, 0x00, {0} },
  { 0xFF, "Dummy", {0}, 0xFFFF, 0xFFFF, 0x00, 0xFF, 0x01, { 0x00, 0x00, 0x00 }, 0, 0, 0x00, 0x00, card_dummy, 0x00000000, 0x00000000, 0xFF, 0x0F, 0x01, 0x00, {0} },
  { 0xFF, "Dummy", {0}, 0xFFFF, 0xFFFF, 0x00, 0xFF, 0x01, { 0x00, 0x00, 0x00 }, 0, 0, 0x00, 0x00, card_dummy, 0x00000000, 0x00000000, 0xFF, 0x0F, 0x01, 0x00, {0} },
  { 0xFF, "Dummy", {0}, 0xFFFF, 0xFFFF, 0x00, 0xFF, 0x01, { 0x00, 0x00, 0x00 }, 0, 0, 0x00, 0x00, card_dummy, 0x00000000, 0x00000000, 0xFF, 0x0F, 0x01, 0x00, {0} },
  { 0xFF, "Dummy", {0}, 0xFFFF, 0xFFFF, 0x00, 0xFF, 0x01, { 0x00, 0x00, 0x00 }, 0, 0, 0x00, 0x00, card_dummy, 0x00000000, 0x00000000, 0xFF, 0x0F, 0x01, 0x00, {0} },
  { 0xFF, "Dummy", {0}, 0xFFFF, 0xFFFF, 0x00, 0xFF, 0x01, { 0x00, 0x00, 0x00 }, 0, 0, 0x00, 0x00, card_dummy, 0x00000000, 0x00000000, 0xFF, 0x0F, 0x01, 0x00, {0} },
  { 0xFF, "Dummy", {0}, 0xFFFF, 0xFFFF, 0x00, 0xFF, 0x01, { 0x00, 0x00, 0x00 }, 0, 0, 0x00, 0x00, card_dummy, 0x00000000, 0x00000000, 0xFF, 0x0F, 0x01, 0x00, {0} },
  { 0xFF, "Dummy", {0}, 0xFFFF, 0xFFFF, 0x00, 0xFF, 0x01, { 0x00, 0x00, 0x00 }, 0, 0, 0x00, 0x00, card_dummy, 0x00000000, 0x00000000, 0xFF, 0x0F, 0x01, 0x00, {0} },
  { 0xFF, "Dummy", {0}, 0xFFFF, 0xFFFF, 0x00, 0xFF, 0x01, { 0x00, 0x00, 0x00 }, 0, 0, 0x00, 0x00, card_dummy, 0x00000000, 0x00000000, 0xFF, 0x0F, 0x01, 0x00, {0} },
  { 0xFF, "Dummy", {0}, 0xFFFF, 0xFFFF, 0x00, 0xFF, 0x01, { 0x00, 0x00, 0x00 }, 0, 0, 0x00, 0x00, card_dummy, 0x00000000, 0x00000000, 0xFF, 0x0F, 0x01, 0x00, {0} },
  { 0xFF, "Dummy", {0}, 0xFFFF, 0xFFFF, 0x00, 0xFF, 0x01, { 0x00, 0x00, 0x00 }, 0, 0, 0x00, 0x00, card_dummy, 0x00000000, 0x00000000, 0xFF, 0x0F, 0x01, 0x00, {0} },
  { 0xFF, "Dummy", {0}, 0xFFFF, 0xFFFF, 0x00, 0xFF, 0x01, { 0x00, 0x00, 0x00 }, 0, 0, 0x00, 0x00, card_dummy, 0x00000000, 0x00000000, 0xFF, 0x0F, 0x01, 0x00, {0} },
  { 0xFF, "Dummy", {0}, 0xFFFF, 0xFFFF, 0x00, 0xFF, 0x01, { 0x00, 0x00, 0x00 }, 0, 0, 0x00, 0x00, card_dummy, 0x00000000, 0x00000000, 0xFF, 0x0F, 0x01, 0x00, {0} },
};
